date,AvgTemp
2006-01-04,19.736363636363635
2006-01-05,22.415714285714287
2006-01-06,22.37702702702703
2006-01-07,23.643421052631577
2006-01-08,23.92051282051282
2006-01-09,25.452941176470596
2006-01-10,25.832500000500005
2006-01-11,23.631666666666657
2006-01-12,23.736
2006-01-13,24.451162790697676
2006-01-14,22.52666666666666
2006-01-15,23.016176470588235
2006-01-16,23.670833333611114
2006-01-17,21.091935483870973
2006-01-18,21.2765625
2006-01-19,23.132894736842108
2006-01-20,24.258536585609754
2006-01-21,24.260227272727267
2006-01-22,24.7575
2006-01-23,21.56875
2006-01-24,20.193103448275863
2006-01-25,23.225
2006-01-26,24.550000000000008
2006-01-27,24.572972972972977
2006-01-28,24.485227272727276
2006-01-29,24.5052631581579
2006-01-30,21.13529411764706
2006-01-31,25.212857142857146
2006-02-01,25.961842105
2006-02-02,21.957500000000003
2006-02-03,21.72
2006-02-04,22.736842105526314
2006-02-05,24.200000000000003
2006-02-06,20.728125
2006-02-07,21.643750000000004
2006-02-08,24.43604651186047
2006-02-09,21.420270270540538
2006-02-10,22.92972973
2006-02-11,24.826923076923084
2006-02-12,23.27804878073171
2006-02-13,22.1774193548387
2006-02-14,23.565625
2006-02-15,23.467499999999998
2006-02-16,25.322972973513505
2006-02-17,26.077272727727276
2006-02-18,25.64512195121952
2006-02-19,23.142187500000006
2006-02-20,24.43846153871795
2006-02-21,23.4575
2006-02-22,24.343421052631577
2006-02-23,24.113513513513517
2006-02-24,24.252380952619042
2006-02-25,24.57906976744186
2006-02-26,22.114516128709674
2006-02-27,22.593333333777778
2006-02-28,22.72875000000001
2006-03-01,23.975757575454548
2006-03-02,23.325675675675676
2006-03-03,23.180000000333333
2006-03-04,22.55813953465116
2006-03-05,24.766304347826075
2006-03-06,24.01621621621622
2006-03-07,22.722058823823524
2006-03-08,24.35833333333333
2006-03-09,24.11756756756757
2006-03-10,24.16176470588235
2006-03-11,24.574390243902442
2006-03-12,25.372368421578955
2006-03-13,23.110000000000003
2006-03-14,22.767241379310345
2006-03-15,24.49358974333333
2006-03-16,22.702564102307694
2006-03-17,22.601282051538462
2006-03-18,24.256756757027034
2006-03-19,21.35
2006-03-20,20.760526315789473
2006-03-21,21.26923076923077
2006-03-22,21.113749999999996
2006-03-23,20.33965517275862
2006-03-24,20.501315789210523
2006-03-25,20.14285714285714
2006-03-26,21.15333333377778
2006-03-27,22.27619047642857
2006-03-28,21.942307692051287
2006-03-29,22.322093023023253
2006-03-30,21.527631578947368
2006-03-31,18.395945946216223
2006-04-01,16.418181818409096
2006-04-02,18.183695652391304
2006-04-03,22.002380952619053
2006-04-04,23.445348837906977
2006-04-05,18.960975609512193
2006-04-06,18.77608695652174
2006-04-07,17.884883720930233
2006-04-08,17.550000000238096
2006-04-09,18.182926829268293
2006-04-10,21.540909091136367
2006-04-11,24.102222222222224
2006-04-12,20.59999999971428
2006-04-13,21.02083333354167
2006-04-14,19.06578947368421
2006-04-15,15.981818182045457
2006-04-16,16.953947368684208
2006-04-17,20.71785714285714
2006-04-18,24.02142857166666
2006-04-19,23.405128204871797
2006-04-20,18.23974358974359
2006-04-21,14.987209302325583
2006-04-22,14.761627907
2006-04-23,15.961428571428574
2006-04-24,15.535000000000002
2006-04-25,15.81499999975
2006-04-26,16.24189189189189
2006-04-27,17.24756097560975
2006-04-28,19.376388889166673
2006-04-29,17.915476190238092
2006-04-30,17.39523809547619
2006-05-01,17.43255813953488
2006-05-02,19.102500000000006
2006-05-03,18.746052631578944
2006-05-04,16.786904762142857
2006-05-05,16.60454545477272
2006-05-06,17.88095238095238
2006-05-07,13.976744186046512
2006-05-08,14.385365853707313
2006-05-09,16.773750000000003
2006-05-10,15.171621621891893
2006-05-11,14.757575757575758
2006-05-12,15.608333333333334
2006-05-13,14.968604651395355
2006-05-14,15.8640625
2006-05-15,16.739999999999995
2006-05-16,16.610256410512818
2006-05-17,16.378723404468083
2006-05-18,16.669230769487182
2006-05-19,16.745945945945948
2006-05-20,15.270454545454545
2006-05-21,13.822727272500002
2006-05-22,11.348684210789472
2006-05-23,16.067948718205123
2006-05-24,15.286046511627903
2006-05-25,14.420731707317072
2006-05-26,13.89
2006-05-27,13.248863636590908
2006-05-28,12.474444444688888
2006-05-29,12.047619047928572
2006-05-30,12.927906976953489
2006-05-31,14.668421052631581
2006-06-01,11.442105263184208
2006-06-02,13.856578947368419
2006-06-03,12.682926829268293
2006-06-04,10.772580645161291
2006-06-05,12.035135135405405
2006-06-06,13.194999999999999
2006-06-07,13.229166666666666
2006-06-08,13.09875
2006-06-09,13.389285714285714
2006-06-10,11.189393939272726
2006-06-11,10.428409091045458
2006-06-12,12.04090909122728
2006-06-13,11.451162790441861
2006-06-14,10.79468085112766
2006-06-15,11.389285714523808
2006-06-16,11.244318182068183
2006-06-17,11.230952381238096
2006-06-18,12.052272727227269
2006-06-19,13.74047619071429
2006-06-20,12.931578947368417
2006-06-21,13.406896551724138
2006-06-22,13.04512195146341
2006-06-23,13.479268292682926
2006-06-24,11.254761904761905
2006-06-25,11.128409091181819
2006-06-26,11.79777777797778
2006-06-27,11.823170731512192
2006-06-28,12.218085106638297
2006-06-29,10.3600000001
2006-06-30,13.83108108081081
2006-07-01,12.681395348813952
2006-07-02,12.981250000025
2006-07-03,13.32121212121212
2006-07-04,12.870000000222225
2006-07-05,13.49186046511628
2006-07-06,11.548863636318181
2006-07-07,10.976136363886367
2006-07-08,10.502173913108697
2006-07-09,12.348863636545456
2006-07-10,16.616666666904763
2006-07-11,13.834444444400003
2006-07-12,11.188636363818182
2006-07-13,12.314285714309525
2006-07-14,14.325925925925926
2006-07-15,13.504878049048779
2006-07-16,13.701162790697676
2006-07-17,13.074999999999998
2006-07-18,10.53289473681579
2006-07-19,10.273749999750002
2006-07-20,12.491666666694446
2006-07-21,12.04999999997778
2006-07-22,12.368085106595741
2006-07-23,13.227142857142857
2006-07-24,14.435526315789472
2006-07-25,13.328571428571427
2006-07-26,14.331395349069767
2006-07-27,13.982142857380953
2006-07-28,14.443181818227275
2006-07-29,14.347727272499998
2006-07-30,12.944444444511113
2006-07-31,12.976249999975002
2006-08-01,11.02272727275
2006-08-02,12.100000000199998
2006-08-03,10.920833333333333
2006-08-04,12.935714285714287
2006-08-05,13.551315789473685
2006-08-06,13.109756097560973
2006-08-07,12.053409090886362
2006-08-08,12.939285714309525
2006-08-09,13.002500000024998
2006-08-10,12.143333333533333
2006-08-11,12.625555555800002
2006-08-12,13.7093750001875
2006-08-13,14.472727272954545
2006-08-14,13.436249999775
2006-08-15,14.70444444466667
2006-08-16,18.505555555555556
2006-08-17,16.758139534651164
2006-08-18,13.871111111155557
2006-08-19,13.340217391347824
2006-08-20,14.498837209767437
2006-08-21,16.692222222288883
2006-08-22,15.573913043478262
2006-08-23,15.608333333333333
2006-08-24,15.754999999750003
2006-08-25,14.099999999999996
2006-08-26,14.3012820515641
2006-08-27,14.794047619047623
2006-08-28,15.603750000249997
2006-08-29,17.428571428928574
2006-08-30,16.832926829268292
2006-08-31,18.288888888888884
2006-09-01,21.09651162813953
2006-09-02,21.607317073170734
2006-09-03,16.170833333333334
2006-09-04,15.58974358974359
2006-09-05,15.536170212978725
2006-09-06,13.88378378372973
2006-09-07,14.576923076923075
2006-09-08,13.364285714285714
2006-09-09,13.951515151515153
2006-09-10,13.928749999999999
2006-09-11,14.128947368421052
2006-09-12,15.99880952380952
2006-09-13,16.356976744418606
2006-09-14,16.90476190523809
2006-09-15,16.570238095476196
2006-09-16,16.550000000232558
2006-09-17,19.022727273181815
2006-09-18,21.628571428809522
2006-09-19,23.310975609268294
2006-09-20,19.580952380952382
2006-09-21,22.22340425595744
2006-09-22,22.63902439
2006-09-23,24.108695652608702
2006-09-24,16.322972972972977
2006-09-25,17.73125
2006-09-26,19.982352941176472
2006-09-27,17.86351351351351
2006-09-28,18.85375
2006-09-29,16.554285714571428
2006-09-30,16.685526316315787
2006-10-01,18.645348837906976
2006-10-02,17.759722222222223
2006-10-03,17.738095238095237
2006-10-04,19.95243902414634
2006-10-05,17.371428571428574
2006-10-06,19.227380952619043
2006-10-07,19.33452380976191
2006-10-08,15.695588235294125
2006-10-09,15.167857142857144
2006-10-10,18.26511627930233
2006-10-11,21.53048780512195
2006-10-12,27.45833333333334
2006-10-13,26.785106382765957
2006-10-14,18.353658536585368
2006-10-15,15.822727272727272
2006-10-16,17.6234375
2006-10-17,24.56785714333333
2006-10-18,20.55238095238095
2006-10-19,22.149999999999995
2006-10-20,15.139393939393937
2006-10-21,14.686585365853658
2006-10-22,15.901162791162793
2006-10-23,17.922340425957444
2006-10-24,20.151136363181816
2006-10-25,17.334482758620688
2006-10-26,21.569512195609754
2006-10-27,17.133333333333333
2006-10-28,14.677631579210523
2006-10-29,17.185000000249996
2006-10-30,20.284883721162792
2006-10-31,20.83500000025
2006-11-01,21.948837209534876
2006-11-02,19.417741935483868
2006-11-03,17.526190476190475
2006-11-04,16.73333333333333
2006-11-05,18.033333333333335
2006-11-06,17.392857143095238
2006-11-07,17.04642857142857
2006-11-08,15.958823529411761
2006-11-09,17.2212500005
2006-11-10,21.911627907441858
2006-11-11,21.405714285714282
2006-11-12,22.62439024365853
2006-11-13,17.894047619047615
2006-11-14,19.047727272727276
2006-11-15,12.450000000222222
2006-11-16,15.33500000025
2006-11-17,17.872619047857146
2006-11-18,20.05263157894737
2006-11-19,21.807500000250002
2006-11-20,26.4641304352174
2006-11-21,27.509302324883723
2006-11-22,20.208108108378376
2006-11-23,21.04705882352941
2006-11-24,22.311764706176476
2006-11-25,20.30657894736842
2006-11-26,20.382352941176475
2006-11-27,23.708108108378383
2006-11-28,20.113953488372093
2006-11-29,18.321875
2006-11-30,23.67111111066667
2006-12-01,20.477941176176472
2006-12-02,16.57222222222222
2006-12-03,18.110256410512818
2006-12-04,19.396428571666668
2006-12-05,21.057500000250002
2006-12-06,20.66714285742857
2006-12-07,21.588157895
2006-12-08,21.2551282051282
2006-12-09,21.666666666666668
2006-12-10,22.43139534883721
2006-12-11,17.25909090909091
2006-12-12,19.62285714285714
2006-12-13,26.08472222277778
2006-12-14,19.11025640974359
2006-12-15,18.912857142857145
2006-12-16,19.15731707341463
2006-12-17,19.815476190714286
2006-12-18,20.147435897692308
2006-12-19,20.02857142857143
2006-12-20,21.66285714285714
2006-12-21,22.22714285714286
2006-12-22,22.430769230769233
2006-12-23,19.80892857142857
2006-12-24,21.41707317073171
2006-12-25,17.844871794871796
2006-12-26,18.810606060909084
2006-12-27,21.897222222222222
2006-12-28,21.69583333333333
2006-12-29,21.480263157894733
2006-12-30,20.9671875
2006-12-31,20.86944444444445
2007-01-01,20.63108108162162
2007-01-02,21.536764705882348
2007-01-03,21.503947368421052
2007-01-04,21.83500000025001
2007-01-05,22.59047619071429
2007-01-06,24.28974359
2007-01-07,21.008974358717946
2007-01-08,20.631034482758622
2007-01-09,21.481081081081083
2007-01-10,22.739473684473683
2007-01-11,23.33783783810811
2007-01-12,21.944594594594594
2007-01-13,20.890697674651165
2007-01-14,22.025000000000002
2007-01-15,23.311538461538465
2007-01-16,23.376190476428572
2007-01-17,23.1325
2007-01-18,23.405405405405407
2007-01-19,23.430487805121953
2007-01-20,27.658108108918917
2007-01-21,24.710227272954548
2007-01-22,23.12105263157895
2007-01-23,22.87878787878788
2007-01-24,21.43225806451613
2007-01-25,23.142500000000005
2007-01-26,22.937499999772726
2007-01-27,20.84861111138889
2007-01-28,22.191891892162158
2007-01-29,25.20967741967742
2007-01-30,22.142857142857146
2007-01-31,20.963793103448275
2007-02-01,22.36911764705882
2007-02-02,22.953658536585372
2007-02-03,23.66447368421053
2007-02-04,23.275
2007-02-05,24.07894736842105
2007-02-06,23.400000000000002
2007-02-07,23.296969696969697
2007-02-08,23.614634146341462
2007-02-09,23.817105263421052
2007-02-10,22.950000000000003
2007-02-11,21.080434782608698
2007-02-12,21.073749999999997
2007-02-13,22.341463414634145
2007-02-14,22.281250000249997
2007-02-15,23.82027027027027
2007-02-16,23.89342105263158
2007-02-17,23.572857142857142
2007-02-18,23.22179487205128
2007-02-19,24.105555555555554
2007-02-20,23.952702702972974
2007-02-21,23.563157894736843
2007-02-22,23.28375
2007-02-23,23.413513513513514
2007-02-24,21.608064516129033
2007-02-25,21.74264705882353
2007-02-26,22.67096774225806
2007-02-27,22.97236842078947
2007-02-28,22.893055555555556
2007-03-01,24.292500000500002
2007-03-02,25.428409090909096
2007-03-03,26.04210526289474
2007-03-04,21.94264705882353
2007-03-05,21.478333333000002
2007-03-06,21.374999999722228
2007-03-07,23.615789473947366
2007-03-08,21.26774193548387
2007-03-09,20.4250000002381
2007-03-10,21.562195122195128
2007-03-11,21.4109375
2007-03-12,20.019354838709678
2007-03-13,19.918888889111106
2007-03-14,21.877906976976742
2007-03-15,26.90000000051282
2007-03-16,23.091176470294126
2007-03-17,21.425806451612896
2007-03-18,21.9000000002439
2007-03-19,24.05875000025
2007-03-20,24.45571428571429
2007-03-21,24.2875
2007-03-22,24.272619047619045
2007-03-23,24.425531914468074
2007-03-24,18.522058823529417
2007-03-25,20.516666666666666
2007-03-26,19.359090909090913
2007-03-27,20.061627907209303
2007-03-28,20.76410256410256
2007-03-29,19.698913043913045
2007-03-30,18.138750000250006
2007-03-31,19.45375000025
2007-04-01,20.700000000217386
2007-04-02,21.011111111111113
2007-04-03,20.418055555555558
2007-04-04,20.30454545477272
2007-04-05,18.535135135135135
2007-04-06,17.169696969696968
2007-04-07,18.434146341707315
2007-04-08,18.40454545477273
2007-04-09,18.585416666875002
2007-04-10,19.614444444888885
2007-04-11,20.032500000000002
2007-04-12,18.370930232790702
2007-04-13,19.103571428809527
2007-04-14,19.853846154358973
2007-04-15,20.313953488372096
2007-04-16,19.843902439024387
2007-04-17,19.71547619071428
2007-04-18,19.929761905
2007-04-19,19.995238095238093
2007-04-20,19.259090908863637
2007-04-21,19.608333332999997
2007-04-22,17.795588235294115
2007-04-23,17.459090909090904
2007-04-24,16.23103448275862
2007-04-25,16.73863636363636
2007-04-26,16.39605263157895
2007-04-27,17.051351351351354
2007-04-28,19.26829268292683
2007-04-29,18.804411764705886
2007-04-30,18.648717948461538
2007-05-01,19.742391304347827
2007-05-02,22.11785714333333
2007-05-03,22.560526315526317
2007-05-04,19.358333333571426
2007-05-05,18.547674418837207
2007-05-06,18.184090909545453
2007-05-07,19.91857142857143
2007-05-08,20.384375000000002
2007-05-09,17.645312499999996
2007-05-10,16.769767442093027
2007-05-11,16.801111111333338
2007-05-12,19.089285714285715
2007-05-13,18.678888889111114
2007-05-14,17.74186046511628
2007-05-15,19.02625000025
2007-05-16,19.037837838108107
2007-05-17,18.348780487560976
2007-05-18,17.860526315789475
2007-05-19,16.934523809523803
2007-05-20,17.51184210526316
2007-05-21,15.189999999999998
2007-05-22,13.858695652173916
2007-05-23,14.716666666666669
2007-05-24,14.652500000350003
2007-05-25,14.178888889155552
2007-05-26,14.777173913043478
2007-05-27,16.4
2007-05-28,18.90000000026316
2007-05-29,15.973749999999999
2007-05-30,12.43953488372093
2007-05-31,13.627380952619049
2007-06-01,14.851162790697678
2007-06-02,14.211627907
2007-06-03,13.97790697674418
2007-06-04,12.737804878268296
2007-06-05,13.419767442162788
2007-06-06,15.153947368421052
2007-06-07,14.864516129032255
2007-06-08,14.204545454848487
2007-06-09,13.495121951463414
2007-06-10,12.886046511604652
2007-06-11,11.673255813953489
2007-06-12,10.887777777799998
2007-06-13,10.218421052605263
2007-06-14,11.498387096774195
2007-06-15,14.15428571457143
2007-06-16,14.261290322580647
2007-06-17,12.893055555555554
2007-06-18,10.541025640923076
2007-06-19,11.56489361706383
2007-06-20,11.006097560926829
2007-06-21,9.980681818227271
2007-06-22,9.810000000200002
2007-06-23,10.996250000100002
2007-06-24,14.120833333333332
2007-06-25,13.022972972972974
2007-06-26,10.846511627930232
2007-06-27,10.525609756097563
2007-06-28,14.366666666666665
2007-06-29,12.72837837837838
2007-06-30,11.362195122048782
2007-07-01,14.33023255813953
2007-07-02,17.463157894736838
2007-07-03,17.2275
2007-07-04,13.396428571428574
2007-07-05,12.900000000000004
2007-07-06,12.181111111177781
2007-07-07,10.104054054351353
2007-07-08,12.639189189486485
2007-07-09,11.576829268268291
2007-07-10,12.270967741935483
2007-07-11,11.333720930209303
2007-07-12,10.917045454340911
2007-07-13,10.701190476119049
2007-07-14,9.4686046512093
2007-07-15,8.678571428452381
2007-07-16,8.632222222355555
2007-07-17,9.474999999857141
2007-07-18,10.754651163023256
2007-07-19,11.884210526342104
2007-07-20,11.48536585365854
2007-07-21,11.669512195146341
2007-07-22,12.56666666664286
2007-07-23,12.212790697697674
2007-07-24,14.060714285928574
2007-07-25,14.711363636818186
2007-07-26,14.932894736842103
2007-07-27,13.804444444444442
2007-07-28,11.405952381214288
2007-07-29,11.154255319319146
2007-07-30,12.037500000272724
2007-07-31,18.397727272954548
2007-08-01,18.857499999999995
2007-08-02,13.618292682926832
2007-08-03,11.21744186072093
2007-08-04,13.367857142880956
2007-08-05,13.53372093055814
2007-08-06,13.461111111177779
2007-08-07,15.075531915148934
2007-08-08,17.65731707341463
2007-08-09,17.671590909318184
2007-08-10,19.792500000249998
2007-08-11,17.421250000250005
2007-08-12,13.230882352941176
2007-08-13,10.721951219731709
2007-08-14,12.971951219292682
2007-08-15,12.76547619045238
2007-08-16,15.390789473947367
2007-08-17,13.339534883837208
2007-08-18,13.442857142857141
2007-08-19,14.719117647058821
2007-08-20,14.534883720930232
2007-08-21,14.639189189189189
2007-08-22,13.883823529999999
2007-08-23,13.665789473684208
2007-08-24,14.953571428809525
2007-08-25,15.954347826521737
2007-08-26,18.41511627906977
2007-08-27,19.40555555577778
2007-08-28,17.978571428571424
2007-08-29,18.95675675675676
2007-08-30,20.708750000000006
2007-08-31,15.56470588235294
2007-09-01,17.53690476214286
2007-09-02,16.986486486756757
2007-09-03,13.693939393939392
2007-09-04,14.264102564102568
2007-09-05,14.368055555555559
2007-09-06,13.681578947368417
2007-09-07,14.612500000277773
2007-09-08,13.34523809523809
2007-09-09,15.28382352967647
2007-09-10,17.29404761928571
2007-09-11,16.75909090931818
2007-09-12,16.47195122
2007-09-13,20.34078947394737
2007-09-14,16.67837837810811
2007-09-15,16.417021276808512
2007-09-16,15.866176470588233
2007-09-17,16.048571428571428
2007-09-18,17.04583333388889
2007-09-19,16.45
2007-09-20,15.170238095238094
2007-09-21,13.725675675945944
2007-09-22,13.436904761999998
2007-09-23,17.67777777822222
2007-09-24,16.810975609999996
2007-09-25,16.40714285738095
2007-09-26,20.68292682902439
2007-09-27,23.23421052657895
2007-09-28,17.407317072926826
2007-09-29,19.870000000444445
2007-09-30,24.31666666666667
2007-10-01,19.932499999999997
2007-10-02,24.415625000416668
2007-10-03,18.53214285738095
2007-10-04,17.882142857380956
2007-10-05,20.49756097536585
2007-10-06,17.28333333333333
2007-10-07,18.5078125
2007-10-08,17.366216216216216
2007-10-09,17.0984375003125
2007-10-10,20.58374999975
2007-10-11,17.32564102538461
2007-10-12,14.776086956521745
2007-10-13,16.889285714523812
2007-10-14,21.530232558372095
2007-10-15,23.56447368394737
2007-10-16,15.636486486486485
2007-10-17,16.358974359230768
2007-10-18,20.539024390731704
2007-10-19,18.57837837837838
2007-10-20,20.603658536829265
2007-10-21,22.37625000025
2007-10-22,19.848648648648652
2007-10-23,18.215625
2007-10-24,18.693548387096776
2007-10-25,18.868918918918922
2007-10-26,19.360227272954543
2007-10-27,22.59666666711111
2007-10-28,25.94390243902439
2007-10-29,20.60348837232558
2007-10-30,20.63888888911111
2007-10-31,20.340277777777775
2007-11-01,20.944285714571425
2007-11-02,18.86
2007-11-03,21.448648648918923
2007-11-04,16.237837837837837
2007-11-05,15.880000000000003
2007-11-06,16.532894737105263
2007-11-07,16.751282051282057
2007-11-08,17.727777777777774
2007-11-09,19.25675675702703
2007-11-10,18.616250000250005
2007-11-11,19.462500000227273
2007-11-12,19.690909091212127
2007-11-13,21.826829268536585
2007-11-14,21.05
2007-11-15,21.68970588235294
2007-11-16,22.025000000217393
2007-11-17,21.62
2007-11-18,21.810256410512824
2007-11-19,22.21470588235294
2007-11-20,22.142857142857146
2007-11-21,20.06590909090909
2007-11-22,19.58888888888889
2007-11-23,19.955263157894738
2007-11-24,21.941025641282057
2007-11-25,22.026250000000005
2007-11-26,20.390789473684215
2007-11-27,21.437837837837844
2007-11-28,22.261842105263156
2007-11-29,21.91323529411765
2007-11-30,20.096666666666668
2007-12-01,20.962500000277778
2007-12-02,21.730000000249998
2007-12-03,22.981707317317078
2007-12-04,22.047142857142855
2007-12-05,22.809375000000006
2007-12-06,22.64852941176471
2007-12-07,21.194871794871794
2007-12-08,23.417500000000004
2007-12-09,21.094285714285718
2007-12-10,19.311764705882354
2007-12-11,19.755714285714287
2007-12-12,19.33125000025
2007-12-13,19.470000000249996
2007-12-14,21.883333333846156
2007-12-15,20.974358974358974
2007-12-16,20.316666666666666
2007-12-17,20.047368421052635
2007-12-18,21.04767441860465
2007-12-19,22.171428571428567
2007-12-20,24.108536585365858
2007-12-21,23.851190475952382
2007-12-22,19.358108108378385
2007-12-23,19.80857142885714
2007-12-24,18.212857142857143
2007-12-25,19.718292683170727
2007-12-26,21.363095238095234
2007-12-27,22.471250000249995
2007-12-28,23.19880952404762
2007-12-29,22.46500000025
2007-12-30,22.71842105289474
2007-12-31,22.764473684473685
2008-01-01,22.60769230794872
2008-01-02,23.60875
2008-01-03,23.280357142857145
2008-01-04,22.51029411764706
2008-01-05,24.087837838108104
2008-01-06,23.624999999999993
2008-01-07,22.74375
2008-01-08,24.276470588235295
2008-01-09,24.157575757575763
2008-01-10,24.16125000025
2008-01-11,23.768571428857147
2008-01-12,24.797435897692306
2008-01-13,20.523214285714282
2008-01-14,22.486764705882354
2008-01-15,24.260810810540534
2008-01-16,21.575925925925926
2008-01-17,21.017241379310345
2008-01-18,21.934782608695656
2008-01-19,23.45428571428572
2008-01-20,20.343939393939394
2008-01-21,19.9569767444186
2008-01-22,20.82209302348837
2008-01-23,21.03289473710526
2008-01-24,21.49230769230769
2008-01-25,22.364864865135136
2008-01-26,23.23250000025
2008-01-27,23.684523809523814
2008-01-28,24.12948717948718
2008-01-29,25.185294117647054
2008-01-30,24.170512820512823
2008-01-31,20.55
2008-02-01,22.525641025641033
2008-02-02,22.549999999999997
2008-02-03,21.042
2008-02-04,22.66617647058824
2008-02-05,22.979166666666664
2008-02-06,20.779166666944448
2008-02-07,19.425757575757576
2008-02-08,17.943548387096776
2008-02-09,19.03076923102564
2008-02-10,20.639473684210525
2008-02-11,22.090697674651164
2008-02-12,20.34189189189189
2008-02-13,20.201190476190476
2008-02-14,21.140625
2008-02-15,20.295348837441864
2008-02-16,21.642105263421048
2008-02-17,22.023809523809526
2008-02-18,21.370588235294115
2008-02-19,22.62439024414634
2008-02-20,22.71282051282051
2008-02-21,22.563157894736843
2008-02-22,22.646250000000002
2008-02-23,21.707500000499998
2008-02-24,22.037878787878793
2008-02-25,22.37682926829268
2008-02-26,22.3349999995
2008-02-27,18.396052631578954
2008-02-28,17.45795454545454
2008-02-29,17.369767442093025
2008-03-01,18.575000000249993
2008-03-02,19.13372093023256
2008-03-03,20.346739130434784
2008-03-04,22.177142857142858
2008-03-05,22.00921052657895
2008-03-06,21.62142857142857
2008-03-07,20.609459459729738
2008-03-08,20.731707317317078
2008-03-09,22.750000000243904
2008-03-10,22.435897436153848
2008-03-11,22.60833333357143
2008-03-12,22.53928571452381
2008-03-13,22.451190476428575
2008-03-14,22.727272727499997
2008-03-15,22.914473684473688
2008-03-16,22.550000000256407
2008-03-17,22.42916666694445
2008-03-18,22.7960526318421
2008-03-19,23.906097561219514
2008-03-20,19.074285714285715
2008-03-21,19.852777777777774
2008-03-22,20.658139534883727
2008-03-23,21.432894736842105
2008-03-24,21.946153846410255
2008-03-25,21.38863636386364
2008-03-26,18.898809523809526
2008-03-27,18.45135135162162
2008-03-28,18.446153846410255
2008-03-29,20.111458333750008
2008-03-30,19.585227272727277
2008-03-31,18.822093023488375
2008-04-01,21.072222222222223
2008-04-02,19.14999999977273
2008-04-03,16.294565217608692
2008-04-04,17.0478723406383
2008-04-05,17.857692307692307
2008-04-06,17.870000000249995
2008-04-07,17.70769230769231
2008-04-08,18.635365853414637
2008-04-09,18.411956522173913
2008-04-10,18.442222222222217
2008-04-11,18.523333333555556
2008-04-12,17.866666666410257
2008-04-13,15.960526315789476
2008-04-14,16.603125000000002
2008-04-15,16.751388888611107
2008-04-16,16.859375
2008-04-17,16.954054054054055
2008-04-18,18.12297297297297
2008-04-19,16.97272727272727
2008-04-20,17.014062499999998
2008-04-21,17.1
2008-04-22,16.391935483870967
2008-04-23,17.17121212121212
2008-04-24,18.53088235294118
2008-04-25,18.201136363863636
2008-04-26,20.43444444466667
2008-04-27,13.206097560975614
2008-04-28,12.751219512487806
2008-04-29,13.711904762214287
2008-04-30,15.018292683170735
2008-05-01,16.156976744418603
2008-05-02,15.052439024390244
2008-05-03,14.079069767279066
2008-05-04,14.833720930255812
2008-05-05,16.467073170975613
2008-05-06,17.095348837441858
2008-05-07,15.84871794871795
2008-05-08,15.853260869782606
2008-05-09,16.310465116279072
2008-05-10,16.326315789473682
2008-05-11,16.123076923076923
2008-05-12,16.12083333333333
2008-05-13,15.639285714285712
2008-05-14,16.801250000000003
2008-05-15,17.97159090909091
2008-05-16,17.225641025384615
2008-05-17,12.826744186116278
2008-05-18,14.648684210526312
2008-05-19,15.47023809547619
2008-05-20,14.837500000277778
2008-05-21,14.44375
2008-05-22,14.12083333361111
2008-05-23,14.577906976744185
2008-05-24,12.503409090954545
2008-05-25,15.781578947368422
2008-05-26,16.050000000000004
2008-05-27,14.559999999999999
2008-05-28,14.217073170975612
2008-05-29,15.03571428595238
2008-05-30,14.308888889111111
2008-05-31,15.136250000249998
2008-06-01,16.120312499999997
2008-06-02,16.553225806451607
2008-06-03,16.875
2008-06-04,15.965517241379313
2008-06-05,15.355555555555558
2008-06-06,14.465476190714288
2008-06-07,14.743589743589743
2008-06-08,14.818333333333332
2008-06-09,15.50625000025
2008-06-10,17.3256756754054
2008-06-11,16.566176470588236
2008-06-12,15.178048780487805
2008-06-13,12.189473684236841
2008-06-14,13.28970588235294
2008-06-15,15.212499999999999
2008-06-16,15.137142857142855
2008-06-17,16.368571428571425
2008-06-18,15.88488372093024
2008-06-19,15.231578947368419
2008-06-20,14.2925
2008-06-21,12.947368421078949
2008-06-22,11.96046511655814
2008-06-23,13.113749999750002
2008-06-24,13.783333333111111
2008-06-25,14.778409090909088
2008-06-26,13.564772727295455
2008-06-27,12.427173913304348
2008-06-28,13.4422222222
2008-06-29,15.673809523809528
2008-06-30,14.86707317073171
2008-07-01,14.717948717948715
2008-07-02,12.851190476166664
2008-07-03,11.612162162189188
2008-07-04,13.302325581395351
2008-07-05,12.960000000000004
2008-07-06,14.460714285714284
2008-07-07,12.993750000024997
2008-07-08,9.701315789447369
2008-07-09,11.229069767372094
2008-07-10,12.214285714314286
2008-07-11,10.645652173869566
2008-07-12,13.466250000000002
2008-07-13,16.088750000250005
2008-07-14,13.909302325558137
2008-07-15,12.662499999977275
2008-07-16,12.61341463409756
2008-07-17,12.854545454454547
2008-07-18,12.747560975536583
2008-07-19,14.142857142857144
2008-07-20,13.667647058823528
2008-07-21,10.65227272731818
2008-07-22,9.62375000005
2008-07-23,12.269512195121951
2008-07-24,10.970967741967742
2008-07-25,10.430208333354168
2008-07-26,10.363749999774999
2008-07-27,9.43194444436111
2008-07-28,10.842424242454543
2008-07-29,10.6866666666
2008-07-30,12.494318181795457
2008-07-31,15.30232558139535
2008-08-01,12.991666666666669
2008-08-02,13.084523809499998
2008-08-03,11.78191489361702
2008-08-04,10.746153846076922
2008-08-05,11.726315789473682
2008-08-06,11.078571428809525
2008-08-07,12.341111111133332
2008-08-08,11.372222222244446
2008-08-09,9.981395348744188
2008-08-10,10.39204545452273
2008-08-11,11.135135135135139
2008-08-12,12.023809523833332
2008-08-13,11.822222222200002
2008-08-14,13.711249999999998
2008-08-15,13.493055555555555
2008-08-16,10.967499999925
2008-08-17,10.217045454522726
2008-08-18,11.102173913086958
2008-08-19,13.324418604674413
2008-08-20,14.508139534860463
2008-08-21,11.1202702702973
2008-08-22,10.685227272727273
2008-08-23,10.8777777778
2008-08-24,12.340697674418607
2008-08-25,14.026744186046509
2008-08-26,13.043181818204546
2008-08-27,12.329761904738094
2008-08-28,12.535714285738095
2008-08-29,12.405714285685715
2008-08-30,15.89418604651163
2008-08-31,15.23255813953488
2008-09-01,14.127380952404762
2008-09-02,13.570967741612906
2008-09-03,14.854285714285718
2008-09-04,13.943939393939393
2008-09-05,12.687500000000002
2008-09-06,13.767391304347823
2008-09-07,13.350000000043478
2008-09-08,12.176190476214284
2008-09-09,11.936046511674421
2008-09-10,12.663095238095236
2008-09-11,16.315000000075
2008-09-12,23.06463414634146
2008-09-13,20.397368421052633
2008-09-14,22.285365853658544
2008-09-15,15.475000000000001
2008-09-16,13.497297297297296
2008-09-17,14.736486486486484
2008-09-18,19.95
2008-09-19,24.838888888888896
2008-09-20,18.4625
2008-09-21,21.393617021489362
2008-09-22,16.367045454545455
2008-09-23,14.336363636363638
2008-09-24,14.592500000000005
2008-09-25,16.953571428571433
2008-09-26,19.093055555555555
2008-09-27,22.379268293170735
2008-09-28,16.13026315789474
2008-09-29,15.91891891891892
2008-09-30,18.201388888888893
2008-10-01,25.140540540540535
2008-10-02,28.326744186046515
2008-10-03,18.919999999999998
2008-10-04,15.669999999999995
2008-10-05,17.613636363863638
2008-10-06,14.701282051282055
2008-10-07,15.460227272727273
2008-10-08,15.633749999999997
2008-10-09,17.426190476190477
2008-10-10,17.774358974358975
2008-10-11,18.574418604651164
2008-10-12,21.990425531914898
2008-10-13,17.544285714285717
2008-10-14,16.44423076923077
2008-10-15,16.803333333333335
2008-10-16,18.384523809285714
2008-10-17,19.61891891891892
2008-10-18,22.120454545454546
2008-10-19,18.265853658536585
2008-10-20,16.487804878048784
2008-10-21,11.523863636386363
2008-10-22,11.860975609804878
2008-10-23,14.5575
2008-10-24,18.19347826086957
2008-10-25,20.115384615384617
2008-10-26,25.516666666666662
2008-10-27,19.675
2008-10-28,16.86041666666667
2008-10-29,19.982051282051277
2008-10-30,25.87083333416666
2008-10-31,19.057142857142853
2008-11-01,19.01833333333333
2008-11-02,22.913888889166664
2008-11-03,17.063793103448276
2008-11-04,17.757894736842108
2008-11-05,21.42105263131579
2008-11-06,19.37368421052632
2008-11-07,21.17976190476191
2008-11-08,19.829761904761902
2008-11-09,20.282432432432433
2008-11-10,19.432926829268293
2008-11-11,20.53095238095238
2008-11-12,21.810000000000002
2008-11-13,22.782142857142862
2008-11-14,20.313333333333336
2008-11-15,19.03648648648649
2008-11-16,18.115517241379308
2008-11-17,19.309210526315788
2008-11-18,19.541428571428572
2008-11-19,22.529761904761905
2008-11-20,21.623529411764707
2008-11-21,17.718181818181822
2008-11-22,15.325000000000001
2008-11-23,18.619736842105258
2008-11-24,18.168421052631583
2008-11-25,18.17727272727273
2008-11-26,20.35897435897436
2008-11-27,21.66379310344827
2008-11-28,19.51388888888889
2008-11-29,18.708750000000002
2008-11-30,24.198837209069765
2008-12-01,20.248484848484846
2008-12-02,24.28720930255814
2008-12-03,19.835
2008-12-04,22.172727272727276
2008-12-05,25.04473684184211
2008-12-06,21.5421875
2008-12-07,20.105405405405406
2008-12-08,21.453947368421048
2008-12-09,20.087142857142865
2008-12-10,18.518
2008-12-11,18.228846153846156
2008-12-12,25.260227272727274
2008-12-13,21.660714285714285
2008-12-14,20.001282051282054
2008-12-15,19.971794871794867
2008-12-16,21.346250000000005
2008-12-17,22.606410256410257
2008-12-18,20.647222222222226
2008-12-19,18.1140625
2008-12-20,19.069999999999993
2008-12-21,20.195121951219505
2008-12-22,22.511111111111106
2008-12-23,19.360000000000003
2008-12-24,20.03918918918919
2008-12-25,22.715384615384615
2008-12-26,23.225806451612907
2008-12-27,24.076249999999998
2008-12-28,22.020000000000003
2008-12-29,22.106249999999996
2008-12-30,23.592857142857138
2008-12-31,25.645238095952376
2009-01-01,19.436363636363634
2009-01-02,19.80625
2009-01-03,22.220588235294116
2009-01-04,23.767857142857146
2009-01-05,23.798809523809524
2009-01-06,25.51627906976744
2009-01-07,19.939999999999998
2009-01-08,19.51
2009-01-09,20.325
2009-01-10,21.171250000000008
2009-01-11,22.261956521739133
2009-01-12,22.71860465116279
2009-01-13,25.18953488372093
2009-01-14,25.205681818181816
2009-01-15,21.487500000000004
2009-01-16,19.467741935483872
2009-01-17,19.127142857142854
2009-01-18,21.0297619047619
2009-01-19,24.58787878787879
2009-01-20,25.174390243902437
2009-01-21,27.858536585365854
2009-01-22,27.518421052631584
2009-01-23,29.838636363863635
2009-01-24,22.548571428571428
2009-01-25,22.834722222222222
2009-01-26,21.801470588235293
2009-01-27,23.57317073170732
2009-01-28,24.488372093023255
2009-01-29,24.31777777777777
2009-01-30,24.71818181818181
2009-01-31,24.405952380952385
2009-02-01,25.147142857142857
2009-02-02,24.32702702702702
2009-02-03,24.187499999999996
2009-02-04,25.079999999999995
2009-02-05,25.432500000000005
2009-02-06,25.966304348043483
2009-02-07,24.532894736842103
2009-02-08,20.72222222222222
2009-02-09,18.552500000000002
2009-02-10,19.207500000000003
2009-02-11,19.001219512195124
2009-02-12,18.18103448275862
2009-02-13,18.600000000000005
2009-02-14,20.074324324324323
2009-02-15,20.98125
2009-02-16,20.89324324324325
2009-02-17,22.030769230769227
2009-02-18,23.14883720930232
2009-02-19,23.03783783783784
2009-02-20,22.217741935483872
2009-02-21,22.36625
2009-02-22,22.97261904761904
2009-02-23,24.149999999999995
2009-02-24,23.0375
2009-02-25,21.66911764705882
2009-02-26,20.3575
2009-02-27,21.72058823529412
2009-02-28,23.120833333333344
2009-03-01,23.33181818181818
2009-03-02,24.017142857142865
2009-03-03,22.9359375
2009-03-04,20.18777777777778
2009-03-05,19.04230769230769
2009-03-06,22.322972972972973
2009-03-07,21.357142857142858
2009-03-08,20.865384615384617
2009-03-09,22.44482758620689
2009-03-10,21.617241379310343
2009-03-11,21.95
2009-03-12,22.29722222222223
2009-03-13,22.832894736842103
2009-03-14,22.450000000000006
2009-03-15,20.615957446808515
2009-03-16,20.270000000000003
2009-03-17,20.896249999999995
2009-03-18,22.22875
2009-03-19,22.987837837837837
2009-03-20,22.335714285714285
2009-03-21,21.66375
2009-03-22,22.82714285714286
2009-03-23,23.025609756097563
2009-03-24,23.057142857142857
2009-03-25,23.3140625
2009-03-26,21.140384615384615
2009-03-27,20.27142857142857
2009-03-28,20.169999999999998
2009-03-29,22.23157894736842
2009-03-30,20.52916666666667
2009-03-31,21.608333333333334
2009-04-01,22.152631578947375
2009-04-02,22.47162162162162
2009-04-03,19.71041666666667
2009-04-04,19.423076923076927
2009-04-05,18.834374999999998
2009-04-06,18.08030303030303
2009-04-07,17.714772727272724
2009-04-08,19.035365853658536
2009-04-09,18.768750000000004
2009-04-10,20.706249999999994
2009-04-11,21.745454545454546
2009-04-12,20.646774193548385
2009-04-13,20.830769231025645
2009-04-14,22.711904761904766
2009-04-15,19.29523809523809
2009-04-16,18.61
2009-04-17,18.064285714285717
2009-04-18,18.272222222222222
2009-04-19,18.701612903225804
2009-04-20,18.29558823529411
2009-04-21,18.647142857142853
2009-04-22,17.462162162162162
2009-04-23,18.63604651162791
2009-04-24,19.63875
2009-04-25,17.493243243243242
2009-04-26,14.7375
2009-04-27,16.051136363636363
2009-04-28,13.44722222222222
2009-04-29,13.31794871794872
2009-04-30,16.234883720930235
2009-05-01,15.98536585365854
2009-05-02,15.584090909090902
2009-05-03,17.284146341463416
2009-05-04,17.035365853658536
2009-05-05,17.349999999999998
2009-05-06,16.784090909090907
2009-05-07,15.940000000000001
2009-05-08,15.646428571428569
2009-05-09,15.968749999999991
2009-05-10,14.735526315789471
2009-05-11,14.18780487807317
2009-05-12,15.292857142857141
2009-05-13,15.645454545454545
2009-05-14,16.50833333333333
2009-05-15,18.207692307435895
2009-05-16,15.227906976744185
2009-05-17,15.53783783783784
2009-05-18,16.72954545454546
2009-05-19,17.789393939393943
2009-05-20,18.151724137931033
2009-05-21,18.138709677419357
2009-05-22,19.058333333333334
2009-05-23,19.489655172413798
2009-05-24,16.823749999999997
2009-05-25,16.985714285714288
2009-05-26,15.551515151515149
2009-05-27,15.134210526315787
2009-05-28,13.563636363636363
2009-05-29,12.673437499999999
2009-05-30,16.02794117647059
2009-05-31,15.017647058823531
2009-06-01,15.25
2009-06-02,16.4265625
2009-06-03,15.061111111111115
2009-06-04,15.430882352941179
2009-06-05,13.4489130435
2009-06-06,14.035000000000002
2009-06-07,14.498684210526317
2009-06-08,12.612500000000004
2009-06-09,10.748749999999998
2009-06-10,10.152127659595745
2009-06-11,10.64555555551111
2009-06-12,11.897368420973688
2009-06-13,12.635897435897435
2009-06-14,12.543181818204546
2009-06-15,12.49642857145238
2009-06-16,12.50735294117647
2009-06-17,12.298717948717949
2009-06-18,13.201428571714287
2009-06-19,13.659722221944444
2009-06-20,16.075000000000003
2009-06-21,16.144444444444442
2009-06-22,14.161111111111108
2009-06-23,13.23255813953488
2009-06-24,12.632051282076922
2009-06-25,13.12857142859524
2009-06-26,12.45795454543182
2009-06-27,14.164705882352942
2009-06-28,14.603488372093024
2009-06-29,16.45
2009-06-30,17.34342105263158
2009-07-01,14.393902439024387
2009-07-02,13.01666666666667
2009-07-03,12.155813953465115
2009-07-04,12.936585365853658
2009-07-05,10.226136363659093
2009-07-06,10.46777777782222
2009-07-07,12.137500000024996
2009-07-08,12.201219512170729
2009-07-09,12.871590909068185
2009-07-10,12.124999999999998
2009-07-11,13.779411764705879
2009-07-12,14.641428571428573
2009-07-13,12.880263157894737
2009-07-14,11.249999999931815
2009-07-15,11.283333333404762
2009-07-16,12.39864864862162
2009-07-17,12.34555555551111
2009-07-18,12.61627906972093
2009-07-19,14.23409090906818
2009-07-20,15.517441860441862
2009-07-21,19.185135135135134
2009-07-22,13.491666666666665
2009-07-23,12.198837209255814
2009-07-24,12.459210526368421
2009-07-25,11.498837209302323
2009-07-26,12.608888888844447
2009-07-27,12.856521739130432
2009-07-28,13.897674418581394
2009-07-29,12.739999999977776
2009-07-30,14.127380952357141
2009-07-31,13.574999999999998
2009-08-01,12.752272727318182
2009-08-02,14.585714285761899
2009-08-03,13.623863636363637
2009-08-04,13.01888888891112
2009-08-05,13.516666666622223
2009-08-06,15.828571428571427
2009-08-07,11.669767441813953
2009-08-08,11.27021276597872
2009-08-09,11.63157894736842
2009-08-10,13.167073170731705
2009-08-11,14.013414634195122
2009-08-12,14.772093023279071
2009-08-13,14.99659090909091
2009-08-14,14.965909090909088
2009-08-15,17.42111111088889
2009-08-16,18.480232558139537
2009-08-17,13.425581395372092
2009-08-18,12.843023255813955
2009-08-19,15.061842105263159
2009-08-20,18.252325581162793
2009-08-21,16.328125
2009-08-22,18.471951219512196
2009-08-23,20.556578947368422
2009-08-24,16.869117647058825
2009-08-25,16.51794871794872
2009-08-26,16.132558139534886
2009-08-27,18.114130434782606
2009-08-28,19.804545454772725
2009-08-29,16.318604651162794
2009-08-30,15.137500000022728
2009-08-31,15.584146341463413
2009-09-01,14.438157894736841
2009-09-02,15.757575757575758
2009-09-03,19.365384615384617
2009-09-04,17.131111111111107
2009-09-05,14.427142857142856
2009-09-06,15.607575757575756
2009-09-07,15.438461538461537
2009-09-08,15.16547619047619
2009-09-09,15.08372093023256
2009-09-10,15.097872340468085
2009-09-11,19.474418604651166
2009-09-12,23.992222222000006
2009-09-13,18.954285714285717
2009-09-14,17.798780487804873
2009-09-15,17.5
2009-09-16,23.83369565195652
2009-09-17,19.816279069767447
2009-09-18,16.87093023255814
2009-09-19,19.16136363636364
2009-09-20,17.810810810810814
2009-09-21,23.552439024146345
2009-09-22,19.198648648648653
2009-09-23,18.975675675675678
2009-09-24,19.389772727272724
2009-09-25,17.86341463414634
2009-09-26,13.769736842105264
2009-09-27,15.365555555555547
2009-09-28,16.118888888888893
2009-09-29,17.77282608717391
2009-09-30,23.735555555555553
2009-10-01,18.342857142857145
2009-10-02,15.166129032258064
2009-10-03,14.934722222222225
2009-10-04,15.30166666666667
2009-10-05,14.759756097560976
2009-10-06,13.91341463414634
2009-10-07,13.577777777777776
2009-10-08,12.788749999999997
2009-10-09,13.350000000100001
2009-10-10,15.112222222222213
2009-10-11,17.566666666944446
2009-10-12,20.496341463414637
2009-10-13,17.893243242972975
2009-10-14,18.001190476190477
2009-10-15,16.391463414634146
2009-10-16,16.495
2009-10-17,16.192307692307693
2009-10-18,17.25119047619048
2009-10-19,19.21666666666666
2009-10-20,22.994047619285716
2009-10-21,18.901851851851852
2009-10-22,20.262162162162156
2009-10-23,19.3609756097561
2009-10-24,17.645945945945947
2009-10-25,15.734615384615381
2009-10-26,17.110344827586207
2009-10-27,18.53461538461539
2009-10-28,19.159999999999997
2009-10-29,20.42083333333333
2009-10-30,20.439393939393938
2009-10-31,21.007692307692313
2009-11-01,21.632926829268293
2009-11-02,26.950000000000006
2009-11-03,19.20178571428571
2009-11-04,18.18
2009-11-05,19.299999999999997
2009-11-06,20.091025641025638
2009-11-07,20.11730769230769
2009-11-08,20.871052631578948
2009-11-09,20.425
2009-11-10,20.245454545454546
2009-11-11,21.59358974358975
2009-11-12,20.23333333333333
2009-11-13,19.935526315789474
2009-11-14,21.67875
2009-11-15,23.14787234042553
2009-11-16,20.822413793103443
2009-11-17,20.95
2009-11-18,22.86785714285715
2009-11-19,27.56624999975
2009-11-20,26.146153846153844
2009-11-21,30.132222222
2009-11-22,20.392647058823528
2009-11-23,19.70689655172414
2009-11-24,21.946052631578947
2009-11-25,23.258823529411767
2009-11-26,25.882894736842104
2009-11-27,25.707352941176467
2009-11-28,24.776190475952383
2009-11-29,18.923809523809524
2009-11-30,17.270833333333336
2009-12-01,18.436486486486487
2009-12-02,19.48170731707317
2009-12-03,20.66875
2009-12-04,21.00172413793103
2009-12-05,21.96351351351352
2009-12-06,24.725675675675678
2009-12-07,22.755000000000003
2009-12-08,20.982894736842102
2009-12-09,24.46025641025641
2009-12-10,23.40135135135135
2009-12-11,21.912790697674424
2009-12-12,23.190697674418605
2009-12-13,20.808000000000003
2009-12-14,22.000000000000004
2009-12-15,23.81029411764706
2009-12-16,26.776136363636365
2009-12-17,20.031081081081076
2009-12-18,22.174999999772727
2009-12-19,20.959375
2009-12-20,22.278378378378378
2009-12-21,24.441463414634146
2009-12-22,24.471249999999998
2009-12-23,25.880487804878047
2009-12-24,21.83250000025
2009-12-25,18.1
2009-12-26,20.75735294117647
2009-12-27,21.353448275862064
2009-12-28,22.49230769230769
2009-12-29,22.457142857142856
2009-12-30,22.37962962962963
2009-12-31,25.550000000000004
2010-01-01,25.018055555833335
2010-01-02,19.959259259259262
2010-01-03,21.08
2010-01-04,22.710256410256413
2010-01-05,23.687500000000004
2010-01-06,22.27435897435897
2010-01-07,23.28750000000001
2010-01-08,26.460810810810813
2010-01-09,26.210294117647063
2010-01-10,23.608823529411765
2010-01-11,26.025641025641026
2010-01-12,24.060975609756095
2010-01-13,20.54032258064516
2010-01-14,22.192647058823532
2010-01-15,23.396969696969702
2010-01-16,22.801388888888894
2010-01-17,21.04186046511628
2010-01-18,20.35116279069767
2010-01-19,22.994186046511633
2010-01-20,23.941666666666666
2010-01-21,27.23888888888889
2010-01-22,29.6612500005
2010-01-23,20.63125
2010-01-24,23.481081081081086
2010-01-25,25.66111111111111
2010-01-26,24.310810810810818
2010-01-27,23.721052631578953
2010-01-28,24.478205127948716
2010-01-29,23.338157894736838
2010-01-30,24.779411764705884
2010-01-31,24.795
2010-02-01,24.25405405405406
2010-02-02,24.40138888888889
2010-02-03,24.534210526315785
2010-02-04,24.462903225806453
2010-02-05,21.67727272727273
2010-02-06,22.51666666666667
2010-02-07,24.36052631578947
2010-02-08,25.126190476190477
2010-02-09,24.853947368421057
2010-02-10,24.829166666666662
2010-02-11,28.03333333333333
2010-02-12,23.556250000000002
2010-02-13,23.463636363636358
2010-02-14,24.66309523809524
2010-02-15,23.155405405405403
2010-02-16,21.98977272727273
2010-02-17,22.1948717948718
2010-02-18,22.743055555555557
2010-02-19,23.497674418604664
2010-02-20,25.76463414634147
2010-02-21,28.623076923076923
2010-02-22,24.852702702702707
2010-02-23,22.305999999999994
2010-02-24,22.161666666666672
2010-02-25,21.753571428571433
2010-02-26,23.119999999999997
2010-02-27,23.07236842105263
2010-02-28,18.977586206896554
2010-03-01,19.985526315789475
2010-03-02,21.033333333333335
2010-03-03,21.480000000000004
2010-03-04,22.96
2010-03-05,23.73
2010-03-06,24.3390625
2010-03-07,25.444444444444446
2010-03-08,24.747619047619054
2010-03-09,20.150000000000002
2010-03-10,20.805714285714284
2010-03-11,21.025675675675675
2010-03-12,20.132051282051286
2010-03-13,20.480681818181818
2010-03-14,21.488461538461543
2010-03-15,21.23048780487805
2010-03-16,20.962500000000006
2010-03-17,21.69555555555555
2010-03-18,22.81395348837209
2010-03-19,24.22023809523809
2010-03-20,25.690476190476186
2010-03-21,22.556451612903228
2010-03-22,22.998170731707315
2010-03-23,21.924358974358977
2010-03-24,22.63225806451613
2010-03-25,24.84642857142857
2010-03-26,24.110606060606063
2010-03-27,23.548684210526314
2010-03-28,24.165714285714287
2010-03-29,20.569999999999997
2010-03-30,20.031081081081073
2010-03-31,20.2625
2010-04-01,20.470512820512823
2010-04-02,18.998684210526314
2010-04-03,18.057317073170733
2010-04-04,18.221428571428568
2010-04-05,19.830882352941178
2010-04-06,21.318918918918918
2010-04-07,22.58125
2010-04-08,20.356410256410253
2010-04-09,21.54444444444444
2010-04-10,23.182432432432442
2010-04-11,18.677906976744183
2010-04-12,17.369318181818176
2010-04-13,18.212500000000002
2010-04-14,19.39787234042553
2010-04-15,19.175609756097565
2010-04-16,19.708333333333332
2010-04-17,20.934782608695656
2010-04-18,20.87325581395349
2010-04-19,20.7575
2010-04-20,20.50609756097561
2010-04-21,20.773809523809526
2010-04-22,22.529761905000004
2010-04-23,23.77794117647059
2010-04-24,18.56071428571429
2010-04-25,16.517045454545457
2010-04-26,16.035869565217393
2010-04-27,17.780232558139534
2010-04-28,18.507954545454545
2010-04-29,16.5027027027027
2010-04-30,17.508974358974363
2010-05-01,18.7953488372093
2010-05-02,19.034615384615385
2010-05-03,20.476315789473684
2010-05-04,16.871111111111116
2010-05-05,15.520652173913044
2010-05-06,15.926829268292686
2010-05-07,16.80217391304347
2010-05-08,17.846666666666668
2010-05-09,17.917777777777776
2010-05-10,18.897826086956524
2010-05-11,14.287500000000001
2010-05-12,14.147674418604652
2010-05-13,14.945348836744186
2010-05-14,15.264999999999997
2010-05-15,15.548837209302325
2010-05-16,14.866176470588234
2010-05-17,13.738709677419354
2010-05-18,14.876190476190475
2010-05-19,14.996666666666668
2010-05-20,14.930681818181819
2010-05-21,14.111842105263158
2010-05-22,11.865277777777779
2010-05-23,14.392499999999998
2010-05-24,15.446774193548386
2010-05-25,15.1140625
2010-05-26,16.069230769230774
2010-05-27,15.829487179487186
2010-05-28,15.658571428571424
2010-05-29,15.18421052631579
2010-05-30,15.802631578947372
2010-05-31,14.882499999999999
2010-06-01,14.867567567567567
2010-06-02,16.402631578947375
2010-06-03,16.57941176470588
2010-06-04,15.54512195121951
2010-06-05,12.731944444472221
2010-06-06,12.191666666638888
2010-06-07,13.111904761904762
2010-06-08,12.283333333333335
2010-06-09,12.42571428574286
2010-06-10,11.143478260913044
2010-06-11,12.172368421078946
2010-06-12,11.241463414682924
2010-06-13,11.279545454522726
2010-06-14,12.729787234021279
2010-06-15,13.723170731731706
2010-06-16,15.10285714285714
2010-06-17,13.18690476190476
2010-06-18,13.530952380976188
2010-06-19,13.670238095238094
2010-06-20,13.126923076923077
2010-06-21,14.539189189189191
2010-06-22,13.953703703703704
2010-06-23,14.321212121212122
2010-06-24,15.8375
2010-06-25,15.03414634148781
2010-06-26,10.307608695695652
2010-06-27,9.48695652171739
2010-06-28,9.025581395186045
2010-06-29,9.290697674465113
2010-06-30,10.625000000041664
2010-07-01,10.04558823532353
2010-07-02,11.241463414585366
2010-07-03,12.219148936212765
2010-07-04,11.039024390243902
2010-07-05,12.423529411764706
2010-07-06,12.30156250003125
2010-07-07,11.269736842078949
2010-07-08,12.018571428542856
2010-07-09,12.703409090931816
2010-07-10,15.871212121212121
2010-07-11,12.963414634146341
2010-07-12,15.156896551724136
2010-07-13,15.67619047619048
2010-07-14,13.147435897435898
2010-07-15,11.28913043473913
2010-07-16,12.092500000000005
2010-07-17,12.792857143047618
2010-07-18,11.931395348837212
2010-07-19,11.427380952333333
2010-07-20,10.99642857145238
2010-07-21,10.1825
2010-07-22,12.745121951219513
2010-07-23,13.243589743589741
2010-07-24,12.964473684210526
2010-07-25,12.35681818179545
2010-07-26,13.096511627906976
2010-07-27,13.585714285714284
2010-07-28,13.913750000000002
2010-07-29,15.876249999999999
2010-07-30,16.012195121951223
2010-07-31,14.05465116255814
2010-08-01,11.652439024365854
2010-08-02,13.888749999999998
2010-08-03,12.694318181818183
2010-08-04,11.726136363590909
2010-08-05,11.733333333311112
2010-08-06,10.71923076928205
2010-08-07,11.389361702127658
2010-08-08,12.023913043413042
2010-08-09,13.484848484848484
2010-08-10,14.31756756756757
2010-08-11,13.809722222222222
2010-08-12,13.674999999999999
2010-08-13,14.466666666644443
2010-08-14,16.098571428285716
2010-08-15,14.899999999999997
2010-08-16,12.278048780487804
2010-08-17,12.498611110777777
2010-08-18,19.236585365853657
2010-08-19,14.667441860465114
2010-08-20,12.540697674418603
2010-08-21,12.834146341487802
2010-08-22,12.959677419354838
2010-08-23,14.939743589743589
2010-08-24,13.972500000000002
2010-08-25,13.313513513513513
2010-08-26,14.589999999999998
2010-08-27,12.827173913065216
2010-08-28,12.804761904738097
2010-08-29,14.17777777777778
2010-08-30,15.702631578947367
2010-08-31,19.491463414634147
2010-09-01,16.642857142857142
2010-09-02,15.570370370370371
2010-09-03,17.966216216216214
2010-09-04,18.14047619047619
2010-09-05,15.247872340425536
2010-09-06,13.457692307692305
2010-09-07,13.083333333355558
2010-09-08,13.728048780463418
2010-09-09,15.76382978680851
2010-09-10,15.150000000000004
2010-09-11,14.244186046511626
2010-09-12,17.910869565217393
2010-09-13,15.742187500000002
2010-09-14,16.1
2010-09-15,15.291666666666659
2010-09-16,13.875581395372093
2010-09-17,15.248863636363637
2010-09-18,14.84512195121951
2010-09-19,15.530681818181817
2010-09-20,16.643902439268288
2010-09-21,16.148684210526316
2010-09-22,16.553448275862067
2010-09-23,17.88714285714286
2010-09-24,18.656818181818178
2010-09-25,17.855813953488372
2010-09-26,20.296590909318176
2010-09-27,20.457954545454548
2010-09-28,13.906060606060606
2010-09-29,13.300000000076924
2010-09-30,13.459677419354836
2010-10-01,16.65806451612903
2010-10-02,17.07571428571428
2010-10-03,18.044117647058826
2010-10-04,19.120588235294115
2010-10-05,19.435897435897434
2010-10-06,17.91142857142857
2010-10-07,16.710000000000004
2010-10-08,17.225862068965515
2010-10-09,17.874285714285715
2010-10-10,18.894736842105264
2010-10-11,18.7375
2010-10-12,19.7027027027027
2010-10-13,22.56463414634146
2010-10-14,21.022368421052622
2010-10-15,14.038157894736838
2010-10-16,16.04456521739131
2010-10-17,17.70813953488372
2010-10-18,15.9
2010-10-19,16.932954545454546
2010-10-20,17.72738095238096
2010-10-21,19.528205128205126
2010-10-22,20.085714285714285
2010-10-23,15.24464285714286
2010-10-24,16.460526315789476
2010-10-25,19.270731707317072
2010-10-26,18.35833333333333
2010-10-27,18.35625
2010-10-28,17.74871794871795
2010-10-29,20.84761904761905
2010-10-30,21.331428571428575
2010-10-31,17.95735294117647
2010-11-01,15.134210526315787
2010-11-02,17.14891304347826
2010-11-03,15.93513513513514
2010-11-04,15.772368421052633
2010-11-05,15.618571428571428
2010-11-06,17.417105263157897
2010-11-07,21.36125
2010-11-08,20.173076923076923
2010-11-09,21.054054054054053
2010-11-10,23.419767441860465
2010-11-11,22.508333333333333
2010-11-12,24.516666666666662
2010-11-13,24.77619047619048
2010-11-14,21.577419354838714
2010-11-15,19.926315789473684
2010-11-16,18.981081081081083
2010-11-17,20.434210526315788
2010-11-18,18.016666666666666
2010-11-19,18.426136363636367
2010-11-20,19.386585365853655
2010-11-21,20.48404255319149
2010-11-22,21.37073170731707
2010-11-23,21.298837209302327
2010-11-24,21.92261904761905
2010-11-25,21.088157894736838
2010-11-26,21.88170731707317
2010-11-27,20.892424242424244
2010-11-28,18.477272727272723
2010-11-29,19.082352941176474
2010-11-30,19.165517241379312
2010-12-01,20.916250000000005
2010-12-02,21.908108108108106
2010-12-03,20.905357142857135
2010-12-04,22.02972972972973
2010-12-05,22.985135135135135
2010-12-06,23.226562500000004
2010-12-07,23.437804878048777
2010-12-08,25.290540540540544
2010-12-09,23.97058823529412
2010-12-10,21.048888888888886
2010-12-11,23.62555555555556
2010-12-12,21.75
2010-12-13,22.81617647058824
2010-12-14,23.089024390243907
2010-12-15,21.799999999743594
2010-12-16,21.915151515151514
2010-12-17,21.845588235588238
2010-12-18,20.99743589769231
2010-12-19,17.67820512820513
2010-12-20,21.125000000000007
2010-12-21,21.684615384615388
2010-12-22,22.296250000000004
2010-12-23,20.767567567567568
2010-12-24,21.506756756756754
2010-12-25,23.231818181590906
2010-12-26,17.732258064516127
2010-12-27,18.62258064516129
2010-12-28,21.562500000000004
2010-12-29,23.414102564102567
