date,AvgTemp,AcTemplabel
2006-01-04,19.736363636363635,0
2006-01-05,22.415714285714287,1
2006-01-06,22.37702702702703,2
2006-01-07,23.643421052631577,3
2006-01-08,23.92051282051282,4
2006-01-09,25.4529411764706,5
2006-01-10,25.832500000500005,6
2006-01-11,23.631666666666657,7
2006-01-12,23.736,8
2006-01-13,24.45116279069768,9
2006-01-14,22.52666666666666,10
2006-01-15,23.016176470588235,11
2006-01-16,23.670833333611117,12
2006-01-17,21.091935483870973,13
2006-01-18,21.2765625,14
2006-01-19,23.132894736842108,15
2006-01-20,24.258536585609757,16
2006-01-21,24.260227272727267,17
2006-01-22,24.7575,18
2006-01-23,21.56875,19
2006-01-24,20.193103448275863,20
2006-01-25,23.225,21
2006-01-26,24.550000000000008,22
2006-01-27,24.572972972972977,23
2006-01-28,24.48522727272728,24
2006-01-29,24.5052631581579,25
2006-01-30,21.13529411764706,26
2006-01-31,25.212857142857143,27
2006-02-01,25.961842105,28
2006-02-02,21.957500000000003,29
2006-02-03,21.72,30
2006-02-04,22.736842105526318,31
2006-02-05,24.200000000000003,32
2006-02-06,20.728125,33
2006-02-07,21.643750000000004,34
2006-02-08,24.43604651186047,35
2006-02-09,21.420270270540534,36
2006-02-10,22.92972973,37
2006-02-11,24.826923076923084,38
2006-02-12,23.27804878073171,39
2006-02-13,22.1774193548387,40
2006-02-14,23.565625,41
2006-02-15,23.4675,42
2006-02-16,25.322972973513505,43
2006-02-17,26.07727272772728,44
2006-02-18,25.64512195121952,45
2006-02-19,23.14218750000001,46
2006-02-20,24.43846153871795,47
2006-02-21,23.4575,48
2006-02-22,24.343421052631577,49
2006-02-23,24.11351351351352,50
2006-02-24,24.25238095261904,51
2006-02-25,24.57906976744186,52
2006-02-26,22.114516128709678,53
2006-02-27,22.593333333777775,54
2006-02-28,22.72875000000001,55
2006-03-01,23.975757575454548,56
2006-03-02,23.32567567567568,57
2006-03-03,23.180000000333333,58
2006-03-04,22.55813953465116,59
2006-03-05,24.766304347826075,60
2006-03-06,24.01621621621622,61
2006-03-07,22.722058823823524,62
2006-03-08,24.35833333333333,63
2006-03-09,24.11756756756757,64
2006-03-10,24.16176470588235,65
2006-03-11,24.57439024390244,66
2006-03-12,25.372368421578955,67
2006-03-13,23.110000000000003,68
2006-03-14,22.767241379310345,69
2006-03-15,24.49358974333333,70
2006-03-16,22.702564102307694,71
2006-03-17,22.601282051538465,72
2006-03-18,24.256756757027038,73
2006-03-19,21.35,74
2006-03-20,20.760526315789477,75
2006-03-21,21.26923076923077,76
2006-03-22,21.11375,77
2006-03-23,20.33965517275862,78
2006-03-24,20.501315789210523,79
2006-03-25,20.14285714285714,80
2006-03-26,21.15333333377778,81
2006-03-27,22.27619047642857,82
2006-03-28,21.942307692051287,83
2006-03-29,22.322093023023253,84
2006-03-30,21.527631578947368,85
2006-03-31,18.395945946216223,0
2006-04-01,16.418181818409096,0
2006-04-02,18.183695652391304,1
2006-04-03,22.002380952619053,2
2006-04-04,23.445348837906977,3
2006-04-05,18.960975609512197,4
2006-04-06,18.77608695652174,5
2006-04-07,17.884883720930233,6
2006-04-08,17.550000000238096,7
2006-04-09,18.182926829268293,8
2006-04-10,21.540909091136367,9
2006-04-11,24.102222222222224,10
2006-04-12,20.59999999971428,11
2006-04-13,21.02083333354167,12
2006-04-14,19.06578947368421,13
2006-04-15,15.981818182045457,0
2006-04-16,16.953947368684208,1
2006-04-17,20.71785714285714,2
2006-04-18,24.02142857166666,3
2006-04-19,23.4051282048718,4
2006-04-20,18.23974358974359,0
2006-04-21,14.987209302325583,0
2006-04-22,14.761627907,0
2006-04-23,15.961428571428574,1
2006-04-24,15.535000000000002,2
2006-04-25,15.81499999975,3
2006-04-26,16.24189189189189,4
2006-04-27,17.24756097560975,5
2006-04-28,19.376388889166677,6
2006-04-29,17.915476190238092,7
2006-04-30,17.39523809547619,8
2006-05-01,17.43255813953488,9
2006-05-02,19.102500000000006,10
2006-05-03,18.746052631578944,11
2006-05-04,16.786904762142857,12
2006-05-05,16.60454545477272,13
2006-05-06,17.88095238095238,14
2006-05-07,13.976744186046512,0
2006-05-08,14.385365853707311,1
2006-05-09,16.773750000000003,2
2006-05-10,15.171621621891893,3
2006-05-11,14.757575757575758,4
2006-05-12,15.608333333333334,5
2006-05-13,14.968604651395356,6
2006-05-14,15.8640625,7
2006-05-15,16.739999999999995,8
2006-05-16,16.610256410512818,9
2006-05-17,16.378723404468083,10
2006-05-18,16.669230769487182,11
2006-05-19,16.745945945945948,12
2006-05-20,15.270454545454545,13
2006-05-21,13.822727272500002,0
2006-05-22,11.348684210789472,0
2006-05-23,16.067948718205123,1
2006-05-24,15.286046511627903,2
2006-05-25,14.420731707317072,3
2006-05-26,13.89,4
2006-05-27,13.248863636590908,5
2006-05-28,12.474444444688888,6
2006-05-29,12.047619047928572,7
2006-05-30,12.927906976953487,8
2006-05-31,14.66842105263158,9
2006-06-01,11.442105263184208,10
2006-06-02,13.85657894736842,11
2006-06-03,12.682926829268292,12
2006-06-04,10.772580645161293,0
2006-06-05,12.035135135405405,1
2006-06-06,13.195,2
2006-06-07,13.229166666666666,3
2006-06-08,13.09875,4
2006-06-09,13.389285714285714,5
2006-06-10,11.189393939272726,6
2006-06-11,10.428409091045458,0
2006-06-12,12.04090909122728,1
2006-06-13,11.45116279044186,2
2006-06-14,10.79468085112766,3
2006-06-15,11.389285714523808,4
2006-06-16,11.244318182068184,5
2006-06-17,11.230952381238096,6
2006-06-18,12.052272727227267,7
2006-06-19,13.74047619071429,8
2006-06-20,12.931578947368417,9
2006-06-21,13.406896551724138,10
2006-06-22,13.04512195146341,11
2006-06-23,13.479268292682926,12
2006-06-24,11.254761904761905,13
2006-06-25,11.12840909118182,14
2006-06-26,11.79777777797778,15
2006-06-27,11.823170731512192,16
2006-06-28,12.218085106638297,17
2006-06-29,10.3600000001,0
2006-06-30,13.83108108081081,1
2006-07-01,12.681395348813952,2
2006-07-02,12.981250000025,3
2006-07-03,13.32121212121212,4
2006-07-04,12.870000000222223,5
2006-07-05,13.49186046511628,6
2006-07-06,11.54886363631818,7
2006-07-07,10.976136363886368,8
2006-07-08,10.502173913108695,9
2006-07-09,12.348863636545456,10
2006-07-10,16.616666666904763,11
2006-07-11,13.834444444400004,12
2006-07-12,11.188636363818182,13
2006-07-13,12.314285714309523,14
2006-07-14,14.325925925925926,15
2006-07-15,13.50487804904878,16
2006-07-16,13.701162790697676,17
2006-07-17,13.074999999999998,18
2006-07-18,10.53289473681579,19
2006-07-19,10.273749999750002,0
2006-07-20,12.491666666694446,1
2006-07-21,12.04999999997778,2
2006-07-22,12.36808510659574,3
2006-07-23,13.227142857142857,4
2006-07-24,14.435526315789472,5
2006-07-25,13.328571428571427,6
2006-07-26,14.331395349069767,7
2006-07-27,13.982142857380952,8
2006-07-28,14.443181818227275,9
2006-07-29,14.347727272499998,10
2006-07-30,12.944444444511111,11
2006-07-31,12.976249999975002,12
2006-08-01,11.02272727275,13
2006-08-02,12.100000000199998,14
2006-08-03,10.920833333333333,15
2006-08-04,12.935714285714289,16
2006-08-05,13.551315789473684,17
2006-08-06,13.109756097560972,18
2006-08-07,12.053409090886362,19
2006-08-08,12.939285714309523,20
2006-08-09,13.002500000024998,21
2006-08-10,12.143333333533333,22
2006-08-11,12.625555555800002,23
2006-08-12,13.7093750001875,24
2006-08-13,14.472727272954543,25
2006-08-14,13.436249999775,26
2006-08-15,14.70444444466667,27
2006-08-16,18.50555555555556,28
2006-08-17,16.758139534651164,29
2006-08-18,13.871111111155557,30
2006-08-19,13.340217391347824,31
2006-08-20,14.498837209767435,32
2006-08-21,16.692222222288883,33
2006-08-22,15.573913043478262,34
2006-08-23,15.608333333333333,35
2006-08-24,15.754999999750003,36
2006-08-25,14.099999999999996,37
2006-08-26,14.3012820515641,38
2006-08-27,14.794047619047625,39
2006-08-28,15.603750000249995,40
2006-08-29,17.428571428928574,41
2006-08-30,16.832926829268292,42
2006-08-31,18.288888888888884,43
2006-09-01,21.09651162813953,44
2006-09-02,21.607317073170734,45
2006-09-03,16.170833333333334,0
2006-09-04,15.58974358974359,0
2006-09-05,15.536170212978725,0
2006-09-06,13.88378378372973,0
2006-09-07,14.576923076923077,1
2006-09-08,13.364285714285714,0
2006-09-09,13.951515151515151,1
2006-09-10,13.92875,2
2006-09-11,14.128947368421052,3
2006-09-12,15.99880952380952,4
2006-09-13,16.356976744418606,5
2006-09-14,16.90476190523809,6
2006-09-15,16.570238095476196,7
2006-09-16,16.550000000232558,8
2006-09-17,19.02272727318181,9
2006-09-18,21.62857142880952,10
2006-09-19,23.310975609268294,11
2006-09-20,19.580952380952382,12
2006-09-21,22.22340425595744,13
2006-09-22,22.63902439,14
2006-09-23,24.108695652608706,15
2006-09-24,16.322972972972977,0
2006-09-25,17.73125,1
2006-09-26,19.982352941176472,2
2006-09-27,17.86351351351351,3
2006-09-28,18.85375,4
2006-09-29,16.554285714571428,5
2006-09-30,16.685526316315787,6
2006-10-01,18.645348837906976,7
2006-10-02,17.759722222222223,8
2006-10-03,17.738095238095237,9
2006-10-04,19.95243902414634,10
2006-10-05,17.371428571428574,11
2006-10-06,19.227380952619043,12
2006-10-07,19.33452380976191,13
2006-10-08,15.695588235294125,0
2006-10-09,15.167857142857144,0
2006-10-10,18.26511627930233,1
2006-10-11,21.53048780512195,2
2006-10-12,27.45833333333334,3
2006-10-13,26.78510638276596,4
2006-10-14,18.353658536585368,0
2006-10-15,15.822727272727272,0
2006-10-16,17.6234375,1
2006-10-17,24.56785714333333,2
2006-10-18,20.55238095238095,3
2006-10-19,22.149999999999995,4
2006-10-20,15.139393939393935,0
2006-10-21,14.686585365853658,0
2006-10-22,15.901162791162792,1
2006-10-23,17.922340425957444,2
2006-10-24,20.151136363181816,3
2006-10-25,17.334482758620688,4
2006-10-26,21.569512195609757,5
2006-10-27,17.133333333333333,6
2006-10-28,14.677631579210525,0
2006-10-29,17.185000000249996,1
2006-10-30,20.284883721162792,2
2006-10-31,20.83500000025,3
2006-11-01,21.94883720953488,4
2006-11-02,19.417741935483868,5
2006-11-03,17.526190476190475,6
2006-11-04,16.73333333333333,7
2006-11-05,18.03333333333333,8
2006-11-06,17.392857143095238,9
2006-11-07,17.04642857142857,10
2006-11-08,15.95882352941176,11
2006-11-09,17.2212500005,12
2006-11-10,21.911627907441854,13
2006-11-11,21.40571428571428,14
2006-11-12,22.62439024365853,15
2006-11-13,17.894047619047615,16
2006-11-14,19.04772727272728,17
2006-11-15,12.450000000222222,0
2006-11-16,15.33500000025,1
2006-11-17,17.872619047857146,2
2006-11-18,20.05263157894737,3
2006-11-19,21.80750000025,4
2006-11-20,26.4641304352174,5
2006-11-21,27.509302324883723,6
2006-11-22,20.208108108378376,0
2006-11-23,21.04705882352941,1
2006-11-24,22.31176470617648,2
2006-11-25,20.30657894736842,3
2006-11-26,20.382352941176475,4
2006-11-27,23.708108108378383,5
2006-11-28,20.113953488372093,0
2006-11-29,18.321875,0
2006-11-30,23.67111111066667,1
2006-12-01,20.477941176176472,2
2006-12-02,16.57222222222222,0
2006-12-03,18.110256410512815,1
2006-12-04,19.396428571666668,2
2006-12-05,21.05750000025,3
2006-12-06,20.66714285742857,4
2006-12-07,21.588157895,5
2006-12-08,21.2551282051282,6
2006-12-09,21.666666666666668,7
2006-12-10,22.43139534883721,8
2006-12-11,17.25909090909091,0
2006-12-12,19.62285714285714,1
2006-12-13,26.08472222277778,2
2006-12-14,19.11025640974359,0
2006-12-15,18.912857142857145,0
2006-12-16,19.15731707341463,1
2006-12-17,19.81547619071429,2
2006-12-18,20.147435897692308,3
2006-12-19,20.02857142857143,4
2006-12-20,21.66285714285714,5
2006-12-21,22.22714285714286,6
2006-12-22,22.430769230769236,7
2006-12-23,19.80892857142857,8
2006-12-24,21.41707317073171,9
2006-12-25,17.844871794871796,0
2006-12-26,18.810606060909084,1
2006-12-27,21.897222222222226,2
2006-12-28,21.69583333333333,3
2006-12-29,21.480263157894733,4
2006-12-30,20.9671875,5
2006-12-31,20.86944444444445,6
2007-01-01,20.63108108162162,7
2007-01-02,21.536764705882348,8
2007-01-03,21.50394736842105,9
2007-01-04,21.83500000025001,10
2007-01-05,22.59047619071429,11
2007-01-06,24.28974359,12
2007-01-07,21.008974358717943,13
2007-01-08,20.631034482758626,14
2007-01-09,21.481081081081083,15
2007-01-10,22.739473684473683,16
2007-01-11,23.33783783810811,17
2007-01-12,21.944594594594594,18
2007-01-13,20.890697674651165,19
2007-01-14,22.025,20
2007-01-15,23.311538461538465,21
2007-01-16,23.37619047642857,22
2007-01-17,23.1325,23
2007-01-18,23.405405405405407,24
2007-01-19,23.430487805121956,25
2007-01-20,27.65810810891892,26
2007-01-21,24.710227272954548,27
2007-01-22,23.12105263157895,28
2007-01-23,22.87878787878788,29
2007-01-24,21.43225806451613,30
2007-01-25,23.142500000000005,31
2007-01-26,22.93749999977273,32
2007-01-27,20.84861111138889,33
2007-01-28,22.19189189216216,34
2007-01-29,25.20967741967742,35
2007-01-30,22.142857142857142,36
2007-01-31,20.963793103448275,37
2007-02-01,22.36911764705882,38
2007-02-02,22.95365853658537,39
2007-02-03,23.66447368421053,40
2007-02-04,23.275,41
2007-02-05,24.07894736842105,42
2007-02-06,23.4,43
2007-02-07,23.296969696969697,44
2007-02-08,23.614634146341466,45
2007-02-09,23.81710526342105,46
2007-02-10,22.950000000000003,47
2007-02-11,21.080434782608695,48
2007-02-12,21.07375,49
2007-02-13,22.341463414634145,50
2007-02-14,22.28125000025,51
2007-02-15,23.82027027027027,52
2007-02-16,23.89342105263158,53
2007-02-17,23.572857142857146,54
2007-02-18,23.22179487205128,55
2007-02-19,24.105555555555554,56
2007-02-20,23.95270270297297,57
2007-02-21,23.563157894736843,58
2007-02-22,23.28375,59
2007-02-23,23.413513513513514,60
2007-02-24,21.608064516129037,61
2007-02-25,21.74264705882353,62
2007-02-26,22.67096774225806,63
2007-02-27,22.97236842078947,64
2007-02-28,22.89305555555556,65
2007-03-01,24.2925000005,66
2007-03-02,25.428409090909096,67
2007-03-03,26.04210526289474,68
2007-03-04,21.94264705882353,69
2007-03-05,21.478333333,70
2007-03-06,21.374999999722228,71
2007-03-07,23.61578947394737,72
2007-03-08,21.26774193548387,73
2007-03-09,20.4250000002381,74
2007-03-10,21.562195122195128,75
2007-03-11,21.4109375,76
2007-03-12,20.01935483870968,77
2007-03-13,19.918888889111106,78
2007-03-14,21.877906976976742,79
2007-03-15,26.90000000051282,80
2007-03-16,23.091176470294126,81
2007-03-17,21.425806451612896,82
2007-03-18,21.9000000002439,83
2007-03-19,24.05875000025,84
2007-03-20,24.45571428571429,85
2007-03-21,24.2875,86
2007-03-22,24.272619047619045,87
2007-03-23,24.425531914468078,88
2007-03-24,18.522058823529417,0
2007-03-25,20.516666666666666,1
2007-03-26,19.359090909090916,2
2007-03-27,20.061627907209303,3
2007-03-28,20.76410256410256,4
2007-03-29,19.698913043913045,5
2007-03-30,18.13875000025001,0
2007-03-31,19.45375000025,1
2007-04-01,20.700000000217383,2
2007-04-02,21.011111111111116,3
2007-04-03,20.41805555555556,4
2007-04-04,20.30454545477272,5
2007-04-05,18.535135135135132,6
2007-04-06,17.169696969696968,0
2007-04-07,18.434146341707315,1
2007-04-08,18.40454545477273,2
2007-04-09,18.585416666875,3
2007-04-10,19.614444444888885,4
2007-04-11,20.0325,5
2007-04-12,18.370930232790705,6
2007-04-13,19.103571428809527,7
2007-04-14,19.853846154358973,8
2007-04-15,20.313953488372096,9
2007-04-16,19.843902439024387,10
2007-04-17,19.71547619071428,11
2007-04-18,19.929761905,12
2007-04-19,19.995238095238093,13
2007-04-20,19.25909090886364,14
2007-04-21,19.608333333,15
2007-04-22,17.795588235294115,16
2007-04-23,17.459090909090904,17
2007-04-24,16.23103448275862,0
2007-04-25,16.73863636363636,1
2007-04-26,16.39605263157895,2
2007-04-27,17.051351351351354,3
2007-04-28,19.26829268292683,4
2007-04-29,18.80441176470589,5
2007-04-30,18.648717948461535,6
2007-05-01,19.742391304347827,7
2007-05-02,22.11785714333333,8
2007-05-03,22.56052631552632,9
2007-05-04,19.358333333571423,10
2007-05-05,18.547674418837207,11
2007-05-06,18.184090909545453,12
2007-05-07,19.91857142857143,13
2007-05-08,20.384375,14
2007-05-09,17.645312499999996,15
2007-05-10,16.769767442093027,16
2007-05-11,16.801111111333338,17
2007-05-12,19.089285714285715,18
2007-05-13,18.678888889111114,19
2007-05-14,17.74186046511628,20
2007-05-15,19.02625000025,21
2007-05-16,19.037837838108107,22
2007-05-17,18.348780487560976,23
2007-05-18,17.860526315789475,24
2007-05-19,16.934523809523803,25
2007-05-20,17.51184210526316,26
2007-05-21,15.189999999999998,0
2007-05-22,13.858695652173916,0
2007-05-23,14.716666666666669,1
2007-05-24,14.652500000350004,2
2007-05-25,14.178888889155552,3
2007-05-26,14.777173913043478,4
2007-05-27,16.4,5
2007-05-28,18.90000000026316,6
2007-05-29,15.97375,7
2007-05-30,12.43953488372093,0
2007-05-31,13.627380952619047,1
2007-06-01,14.851162790697678,2
2007-06-02,14.211627907,3
2007-06-03,13.97790697674418,4
2007-06-04,12.737804878268296,5
2007-06-05,13.419767442162788,6
2007-06-06,15.153947368421052,7
2007-06-07,14.864516129032255,8
2007-06-08,14.204545454848487,9
2007-06-09,13.495121951463414,10
2007-06-10,12.886046511604652,11
2007-06-11,11.673255813953489,0
2007-06-12,10.887777777799998,0
2007-06-13,10.218421052605263,0
2007-06-14,11.498387096774197,1
2007-06-15,14.15428571457143,2
2007-06-16,14.261290322580647,3
2007-06-17,12.893055555555554,4
2007-06-18,10.541025640923076,5
2007-06-19,11.56489361706383,6
2007-06-20,11.006097560926827,7
2007-06-21,9.980681818227271,0
2007-06-22,9.810000000200002,0
2007-06-23,10.996250000100002,1
2007-06-24,14.120833333333332,2
2007-06-25,13.022972972972974,3
2007-06-26,10.846511627930232,4
2007-06-27,10.525609756097564,5
2007-06-28,14.366666666666664,6
2007-06-29,12.72837837837838,7
2007-06-30,11.362195122048782,8
2007-07-01,14.33023255813953,9
2007-07-02,17.463157894736838,10
2007-07-03,17.2275,11
2007-07-04,13.396428571428574,12
2007-07-05,12.900000000000004,13
2007-07-06,12.18111111117778,14
2007-07-07,10.104054054351352,15
2007-07-08,12.639189189486483,16
2007-07-09,11.576829268268291,17
2007-07-10,12.270967741935484,18
2007-07-11,11.333720930209305,19
2007-07-12,10.917045454340911,20
2007-07-13,10.701190476119049,21
2007-07-14,9.4686046512093,0
2007-07-15,8.678571428452381,0
2007-07-16,8.632222222355555,0
2007-07-17,9.47499999985714,1
2007-07-18,10.754651163023256,2
2007-07-19,11.884210526342104,3
2007-07-20,11.48536585365854,4
2007-07-21,11.66951219514634,5
2007-07-22,12.56666666664286,6
2007-07-23,12.212790697697674,7
2007-07-24,14.060714285928574,8
2007-07-25,14.711363636818186,9
2007-07-26,14.932894736842105,10
2007-07-27,13.804444444444442,11
2007-07-28,11.405952381214288,12
2007-07-29,11.154255319319146,13
2007-07-30,12.037500000272724,14
2007-07-31,18.397727272954548,15
2007-08-01,18.857499999999995,16
2007-08-02,13.618292682926832,0
2007-08-03,11.21744186072093,0
2007-08-04,13.367857142880956,1
2007-08-05,13.53372093055814,2
2007-08-06,13.46111111117778,3
2007-08-07,15.075531915148934,4
2007-08-08,17.65731707341463,5
2007-08-09,17.671590909318184,6
2007-08-10,19.79250000025,7
2007-08-11,17.421250000250005,8
2007-08-12,13.230882352941176,9
2007-08-13,10.721951219731707,0
2007-08-14,12.971951219292682,1
2007-08-15,12.76547619045238,2
2007-08-16,15.390789473947368,3
2007-08-17,13.339534883837208,4
2007-08-18,13.44285714285714,5
2007-08-19,14.71911764705882,6
2007-08-20,14.534883720930232,7
2007-08-21,14.639189189189189,8
2007-08-22,13.88382353,9
2007-08-23,13.665789473684208,10
2007-08-24,14.953571428809523,11
2007-08-25,15.954347826521737,12
2007-08-26,18.41511627906977,13
2007-08-27,19.40555555577778,14
2007-08-28,17.978571428571424,15
2007-08-29,18.95675675675676,16
2007-08-30,20.70875000000001,17
2007-08-31,15.56470588235294,0
2007-09-01,17.53690476214286,1
2007-09-02,16.986486486756757,2
2007-09-03,13.693939393939392,0
2007-09-04,14.264102564102568,1
2007-09-05,14.36805555555556,2
2007-09-06,13.681578947368417,0
2007-09-07,14.612500000277771,1
2007-09-08,13.34523809523809,0
2007-09-09,15.28382352967647,1
2007-09-10,17.29404761928571,2
2007-09-11,16.75909090931818,3
2007-09-12,16.47195122,4
2007-09-13,20.34078947394737,5
2007-09-14,16.67837837810811,6
2007-09-15,16.417021276808512,7
2007-09-16,15.866176470588233,8
2007-09-17,16.048571428571428,9
2007-09-18,17.04583333388889,10
2007-09-19,16.45,11
2007-09-20,15.170238095238094,12
2007-09-21,13.725675675945944,13
2007-09-22,13.436904761999998,14
2007-09-23,17.67777777822222,15
2007-09-24,16.810975609999996,16
2007-09-25,16.40714285738095,17
2007-09-26,20.68292682902439,18
2007-09-27,23.23421052657895,19
2007-09-28,17.407317072926826,0
2007-09-29,19.870000000444445,1
2007-09-30,24.31666666666667,2
2007-10-01,19.9325,3
2007-10-02,24.415625000416668,4
2007-10-03,18.53214285738095,0
2007-10-04,17.882142857380956,0
2007-10-05,20.49756097536585,1
2007-10-06,17.28333333333333,0
2007-10-07,18.5078125,1
2007-10-08,17.366216216216216,2
2007-10-09,17.0984375003125,0
2007-10-10,20.58374999975,1
2007-10-11,17.32564102538461,2
2007-10-12,14.776086956521745,0
2007-10-13,16.889285714523812,1
2007-10-14,21.53023255837209,2
2007-10-15,23.56447368394737,3
2007-10-16,15.636486486486485,0
2007-10-17,16.358974359230768,1
2007-10-18,20.539024390731704,2
2007-10-19,18.57837837837838,3
2007-10-20,20.603658536829265,4
2007-10-21,22.37625000025,5
2007-10-22,19.84864864864865,6
2007-10-23,18.215625,7
2007-10-24,18.693548387096776,8
2007-10-25,18.86891891891892,9
2007-10-26,19.360227272954543,10
2007-10-27,22.59666666711111,11
2007-10-28,25.94390243902439,12
2007-10-29,20.60348837232558,0
2007-10-30,20.63888888911111,1
2007-10-31,20.34027777777777,0
2007-11-01,20.944285714571425,1
2007-11-02,18.86,0
2007-11-03,21.448648648918923,1
2007-11-04,16.237837837837837,0
2007-11-05,15.880000000000004,0
2007-11-06,16.532894737105263,1
2007-11-07,16.751282051282057,2
2007-11-08,17.727777777777774,3
2007-11-09,19.25675675702703,4
2007-11-10,18.616250000250005,5
2007-11-11,19.462500000227276,6
2007-11-12,19.690909091212127,7
2007-11-13,21.826829268536585,8
2007-11-14,21.05,9
2007-11-15,21.68970588235294,10
2007-11-16,22.025000000217396,11
2007-11-17,21.62,12
2007-11-18,21.810256410512824,13
2007-11-19,22.21470588235294,14
2007-11-20,22.142857142857142,15
2007-11-21,20.06590909090909,16
2007-11-22,19.58888888888889,17
2007-11-23,19.955263157894738,18
2007-11-24,21.941025641282057,19
2007-11-25,22.026250000000005,20
2007-11-26,20.39078947368421,21
2007-11-27,21.437837837837844,22
2007-11-28,22.26184210526316,23
2007-11-29,21.91323529411765,24
2007-11-30,20.096666666666668,25
2007-12-01,20.962500000277775,26
2007-12-02,21.73000000025,27
2007-12-03,22.98170731731708,28
2007-12-04,22.047142857142852,29
2007-12-05,22.809375000000006,30
2007-12-06,22.64852941176471,31
2007-12-07,21.194871794871798,32
2007-12-08,23.417500000000004,33
2007-12-09,21.09428571428572,34
2007-12-10,19.311764705882357,35
2007-12-11,19.755714285714287,36
2007-12-12,19.33125000025,37
2007-12-13,19.47000000025,38
2007-12-14,21.88333333384616,39
2007-12-15,20.97435897435897,40
2007-12-16,20.316666666666663,41
2007-12-17,20.047368421052635,42
2007-12-18,21.04767441860465,43
2007-12-19,22.171428571428567,44
2007-12-20,24.108536585365854,45
2007-12-21,23.851190475952382,46
2007-12-22,19.358108108378385,47
2007-12-23,19.80857142885714,48
2007-12-24,18.212857142857143,49
2007-12-25,19.718292683170727,50
2007-12-26,21.363095238095237,51
2007-12-27,22.471250000249995,52
2007-12-28,23.19880952404762,53
2007-12-29,22.46500000025,54
2007-12-30,22.71842105289474,55
2007-12-31,22.764473684473685,56
2008-01-01,22.60769230794872,57
2008-01-02,23.60875,58
2008-01-03,23.280357142857145,59
2008-01-04,22.51029411764706,60
2008-01-05,24.087837838108104,61
2008-01-06,23.624999999999996,62
2008-01-07,22.74375,63
2008-01-08,24.27647058823529,64
2008-01-09,24.157575757575763,65
2008-01-10,24.16125000025,66
2008-01-11,23.768571428857147,67
2008-01-12,24.797435897692303,68
2008-01-13,20.52321428571428,69
2008-01-14,22.486764705882354,70
2008-01-15,24.260810810540534,71
2008-01-16,21.57592592592593,72
2008-01-17,21.017241379310345,73
2008-01-18,21.934782608695656,74
2008-01-19,23.45428571428572,75
2008-01-20,20.343939393939397,76
2008-01-21,19.9569767444186,77
2008-01-22,20.82209302348837,78
2008-01-23,21.03289473710526,79
2008-01-24,21.49230769230769,80
2008-01-25,22.364864865135136,81
2008-01-26,23.23250000025,82
2008-01-27,23.684523809523814,83
2008-01-28,24.12948717948718,84
2008-01-29,25.185294117647054,85
2008-01-30,24.170512820512823,86
2008-01-31,20.55,87
2008-02-01,22.525641025641036,88
2008-02-02,22.55,89
2008-02-03,21.042,90
2008-02-04,22.66617647058824,91
2008-02-05,22.979166666666664,92
2008-02-06,20.779166666944448,93
2008-02-07,19.425757575757576,94
2008-02-08,17.943548387096776,95
2008-02-09,19.03076923102564,96
2008-02-10,20.639473684210525,97
2008-02-11,22.090697674651164,98
2008-02-12,20.34189189189189,99
2008-02-13,20.20119047619048,100
2008-02-14,21.140625,101
2008-02-15,20.295348837441864,102
2008-02-16,21.642105263421048,103
2008-02-17,22.02380952380953,104
2008-02-18,21.370588235294115,105
2008-02-19,22.62439024414634,106
2008-02-20,22.71282051282051,107
2008-02-21,22.563157894736843,108
2008-02-22,22.64625,109
2008-02-23,21.7075000005,110
2008-02-24,22.037878787878796,111
2008-02-25,22.37682926829268,112
2008-02-26,22.3349999995,113
2008-02-27,18.396052631578957,114
2008-02-28,17.45795454545454,115
2008-02-29,17.369767442093025,116
2008-03-01,18.575000000249997,117
2008-03-02,19.13372093023256,118
2008-03-03,20.346739130434784,119
2008-03-04,22.177142857142854,120
2008-03-05,22.00921052657895,121
2008-03-06,21.62142857142857,122
2008-03-07,20.609459459729734,123
2008-03-08,20.73170731731708,124
2008-03-09,22.750000000243904,125
2008-03-10,22.435897436153848,126
2008-03-11,22.60833333357143,127
2008-03-12,22.53928571452381,128
2008-03-13,22.45119047642857,129
2008-03-14,22.7272727275,130
2008-03-15,22.914473684473688,131
2008-03-16,22.550000000256407,132
2008-03-17,22.42916666694445,133
2008-03-18,22.7960526318421,134
2008-03-19,23.906097561219514,135
2008-03-20,19.074285714285715,136
2008-03-21,19.85277777777777,137
2008-03-22,20.658139534883727,138
2008-03-23,21.432894736842105,139
2008-03-24,21.94615384641025,140
2008-03-25,21.38863636386364,141
2008-03-26,18.89880952380953,142
2008-03-27,18.45135135162162,143
2008-03-28,18.44615384641025,144
2008-03-29,20.111458333750008,145
2008-03-30,19.58522727272728,146
2008-03-31,18.82209302348837,147
2008-04-01,21.072222222222223,148
2008-04-02,19.14999999977273,149
2008-04-03,16.294565217608692,150
2008-04-04,17.0478723406383,151
2008-04-05,17.857692307692307,152
2008-04-06,17.870000000249995,153
2008-04-07,17.70769230769231,154
2008-04-08,18.63536585341464,155
2008-04-09,18.411956522173917,156
2008-04-10,18.442222222222217,157
2008-04-11,18.52333333355556,158
2008-04-12,17.866666666410257,159
2008-04-13,15.960526315789476,160
2008-04-14,16.603125000000002,161
2008-04-15,16.751388888611107,162
2008-04-16,16.859375,163
2008-04-17,16.954054054054055,164
2008-04-18,18.12297297297297,165
2008-04-19,16.97272727272727,166
2008-04-20,17.014062499999998,167
2008-04-21,17.1,168
2008-04-22,16.391935483870967,169
2008-04-23,17.17121212121212,170
2008-04-24,18.53088235294118,171
2008-04-25,18.20113636386364,172
2008-04-26,20.43444444466667,173
2008-04-27,13.206097560975614,0
2008-04-28,12.751219512487806,0
2008-04-29,13.711904762214289,1
2008-04-30,15.018292683170737,2
2008-05-01,16.156976744418603,3
2008-05-02,15.052439024390244,4
2008-05-03,14.079069767279066,5
2008-05-04,14.833720930255812,6
2008-05-05,16.467073170975613,7
2008-05-06,17.095348837441858,8
2008-05-07,15.84871794871795,9
2008-05-08,15.853260869782606,10
2008-05-09,16.310465116279072,11
2008-05-10,16.326315789473682,12
2008-05-11,16.123076923076923,13
2008-05-12,16.12083333333333,14
2008-05-13,15.639285714285712,15
2008-05-14,16.801250000000003,16
2008-05-15,17.97159090909091,17
2008-05-16,17.225641025384615,18
2008-05-17,12.826744186116278,19
2008-05-18,14.648684210526312,20
2008-05-19,15.47023809547619,21
2008-05-20,14.837500000277778,22
2008-05-21,14.44375,23
2008-05-22,14.12083333361111,24
2008-05-23,14.577906976744185,25
2008-05-24,12.503409090954545,0
2008-05-25,15.781578947368422,1
2008-05-26,16.050000000000004,2
2008-05-27,14.56,3
2008-05-28,14.217073170975612,4
2008-05-29,15.03571428595238,5
2008-05-30,14.308888889111111,6
2008-05-31,15.136250000249998,7
2008-06-01,16.120312499999997,8
2008-06-02,16.553225806451607,9
2008-06-03,16.875,10
2008-06-04,15.965517241379311,11
2008-06-05,15.355555555555558,12
2008-06-06,14.465476190714288,13
2008-06-07,14.743589743589745,14
2008-06-08,14.818333333333332,15
2008-06-09,15.50625000025,16
2008-06-10,17.3256756754054,17
2008-06-11,16.566176470588236,18
2008-06-12,15.178048780487805,19
2008-06-13,12.18947368423684,0
2008-06-14,13.28970588235294,1
2008-06-15,15.2125,2
2008-06-16,15.137142857142855,3
2008-06-17,16.368571428571425,4
2008-06-18,15.88488372093024,5
2008-06-19,15.23157894736842,6
2008-06-20,14.2925,7
2008-06-21,12.947368421078949,8
2008-06-22,11.96046511655814,0
2008-06-23,13.113749999750002,1
2008-06-24,13.783333333111113,2
2008-06-25,14.778409090909088,3
2008-06-26,13.564772727295455,4
2008-06-27,12.427173913304348,5
2008-06-28,13.4422222222,6
2008-06-29,15.673809523809528,7
2008-06-30,14.86707317073171,8
2008-07-01,14.717948717948715,9
2008-07-02,12.851190476166664,10
2008-07-03,11.612162162189188,0
2008-07-04,13.302325581395351,1
2008-07-05,12.960000000000004,2
2008-07-06,14.460714285714284,3
2008-07-07,12.993750000024995,4
2008-07-08,9.701315789447367,0
2008-07-09,11.229069767372094,1
2008-07-10,12.214285714314286,2
2008-07-11,10.645652173869566,3
2008-07-12,13.466250000000002,4
2008-07-13,16.088750000250005,5
2008-07-14,13.909302325558135,6
2008-07-15,12.662499999977276,7
2008-07-16,12.61341463409756,8
2008-07-17,12.854545454454549,9
2008-07-18,12.747560975536585,10
2008-07-19,14.142857142857144,11
2008-07-20,13.667647058823528,12
2008-07-21,10.65227272731818,13
2008-07-22,9.62375000005,0
2008-07-23,12.269512195121951,1
2008-07-24,10.970967741967742,2
2008-07-25,10.430208333354168,3
2008-07-26,10.363749999775,4
2008-07-27,9.43194444436111,0
2008-07-28,10.842424242454545,1
2008-07-29,10.6866666666,2
2008-07-30,12.494318181795457,3
2008-07-31,15.30232558139535,4
2008-08-01,12.991666666666667,5
2008-08-02,13.084523809499998,6
2008-08-03,11.78191489361702,7
2008-08-04,10.746153846076922,8
2008-08-05,11.726315789473682,9
2008-08-06,11.078571428809523,10
2008-08-07,12.341111111133332,11
2008-08-08,11.372222222244446,12
2008-08-09,9.981395348744188,13
2008-08-10,10.39204545452273,14
2008-08-11,11.13513513513514,15
2008-08-12,12.023809523833332,16
2008-08-13,11.822222222200002,17
2008-08-14,13.711249999999998,18
2008-08-15,13.493055555555555,19
2008-08-16,10.967499999925,20
2008-08-17,10.217045454522726,21
2008-08-18,11.102173913086958,22
2008-08-19,13.324418604674412,23
2008-08-20,14.508139534860463,24
2008-08-21,11.1202702702973,25
2008-08-22,10.685227272727271,26
2008-08-23,10.8777777778,27
2008-08-24,12.340697674418609,28
2008-08-25,14.026744186046509,29
2008-08-26,13.043181818204546,30
2008-08-27,12.329761904738094,31
2008-08-28,12.535714285738097,32
2008-08-29,12.405714285685717,33
2008-08-30,15.89418604651163,34
2008-08-31,15.23255813953488,35
2008-09-01,14.127380952404762,36
2008-09-02,13.570967741612906,37
2008-09-03,14.854285714285718,38
2008-09-04,13.943939393939392,39
2008-09-05,12.687500000000002,40
2008-09-06,13.767391304347823,41
2008-09-07,13.350000000043478,42
2008-09-08,12.176190476214284,43
2008-09-09,11.93604651167442,44
2008-09-10,12.663095238095236,45
2008-09-11,16.315000000075,46
2008-09-12,23.06463414634146,47
2008-09-13,20.397368421052636,48
2008-09-14,22.285365853658544,49
2008-09-15,15.475,0
2008-09-16,13.497297297297296,0
2008-09-17,14.736486486486484,1
2008-09-18,19.95,2
2008-09-19,24.838888888888896,3
2008-09-20,18.4625,0
2008-09-21,21.39361702148936,1
2008-09-22,16.367045454545455,0
2008-09-23,14.336363636363638,0
2008-09-24,14.592500000000005,1
2008-09-25,16.953571428571433,2
2008-09-26,19.093055555555555,3
2008-09-27,22.379268293170732,4
2008-09-28,16.13026315789474,0
2008-09-29,15.91891891891892,0
2008-09-30,18.201388888888893,1
2008-10-01,25.14054054054053,2
2008-10-02,28.326744186046515,3
2008-10-03,18.92,0
2008-10-04,15.669999999999996,0
2008-10-05,17.613636363863638,1
2008-10-06,14.701282051282057,0
2008-10-07,15.460227272727272,1
2008-10-08,15.633749999999996,2
2008-10-09,17.426190476190477,3
2008-10-10,17.774358974358975,4
2008-10-11,18.574418604651164,5
2008-10-12,21.990425531914894,6
2008-10-13,17.544285714285717,7
2008-10-14,16.44423076923077,8
2008-10-15,16.803333333333335,9
2008-10-16,18.384523809285717,10
2008-10-17,19.61891891891892,11
2008-10-18,22.120454545454542,12
2008-10-19,18.265853658536585,13
2008-10-20,16.487804878048784,14
2008-10-21,11.523863636386364,0
2008-10-22,11.860975609804878,1
2008-10-23,14.5575,2
2008-10-24,18.19347826086957,3
2008-10-25,20.115384615384617,4
2008-10-26,25.516666666666666,5
2008-10-27,19.675,0
2008-10-28,16.86041666666667,0
2008-10-29,19.98205128205128,1
2008-10-30,25.87083333416666,2
2008-10-31,19.057142857142853,0
2008-11-01,19.01833333333333,0
2008-11-02,22.913888889166664,1
2008-11-03,17.063793103448276,0
2008-11-04,17.757894736842108,1
2008-11-05,21.42105263131579,2
2008-11-06,19.37368421052632,3
2008-11-07,21.17976190476191,4
2008-11-08,19.829761904761902,5
2008-11-09,20.282432432432437,6
2008-11-10,19.432926829268293,7
2008-11-11,20.53095238095238,8
2008-11-12,21.81,9
2008-11-13,22.782142857142865,10
2008-11-14,20.313333333333336,11
2008-11-15,19.03648648648649,12
2008-11-16,18.115517241379308,13
2008-11-17,19.309210526315788,14
2008-11-18,19.54142857142857,15
2008-11-19,22.529761904761905,16
2008-11-20,21.623529411764707,17
2008-11-21,17.718181818181822,18
2008-11-22,15.325,0
2008-11-23,18.619736842105254,1
2008-11-24,18.168421052631583,2
2008-11-25,18.17727272727273,3
2008-11-26,20.35897435897436,4
2008-11-27,21.66379310344827,5
2008-11-28,19.51388888888889,6
2008-11-29,18.70875,7
2008-11-30,24.198837209069765,8
2008-12-01,20.248484848484846,9
2008-12-02,24.28720930255814,10
2008-12-03,19.835,11
2008-12-04,22.17272727272728,12
2008-12-05,25.04473684184211,13
2008-12-06,21.5421875,14
2008-12-07,20.105405405405406,15
2008-12-08,21.453947368421048,16
2008-12-09,20.087142857142865,17
2008-12-10,18.518,18
2008-12-11,18.22884615384616,19
2008-12-12,25.260227272727278,20
2008-12-13,21.660714285714285,21
2008-12-14,20.00128205128205,22
2008-12-15,19.971794871794867,23
2008-12-16,21.346250000000005,24
2008-12-17,22.606410256410257,25
2008-12-18,20.647222222222226,26
2008-12-19,18.1140625,27
2008-12-20,19.069999999999997,28
2008-12-21,20.195121951219505,29
2008-12-22,22.511111111111106,30
2008-12-23,19.360000000000003,31
2008-12-24,20.03918918918919,32
2008-12-25,22.71538461538461,33
2008-12-26,23.225806451612907,34
2008-12-27,24.07625,35
2008-12-28,22.020000000000003,36
2008-12-29,22.10625,37
2008-12-30,23.592857142857135,38
2008-12-31,25.645238095952376,39
2009-01-01,19.436363636363637,0
2009-01-02,19.80625,1
2009-01-03,22.22058823529412,2
2009-01-04,23.767857142857142,3
2009-01-05,23.798809523809524,4
2009-01-06,25.51627906976744,5
2009-01-07,19.94,0
2009-01-08,19.51,0
2009-01-09,20.325,1
2009-01-10,21.171250000000008,2
2009-01-11,22.261956521739133,3
2009-01-12,22.71860465116279,4
2009-01-13,25.18953488372093,5
2009-01-14,25.205681818181816,6
2009-01-15,21.487500000000004,7
2009-01-16,19.467741935483872,0
2009-01-17,19.127142857142854,0
2009-01-18,21.0297619047619,1
2009-01-19,24.58787878787879,2
2009-01-20,25.17439024390244,3
2009-01-21,27.85853658536585,4
2009-01-22,27.518421052631584,5
2009-01-23,29.838636363863635,6
2009-01-24,22.548571428571428,0
2009-01-25,22.834722222222226,1
2009-01-26,21.801470588235293,0
2009-01-27,23.57317073170732,1
2009-01-28,24.48837209302325,2
2009-01-29,24.31777777777777,3
2009-01-30,24.71818181818181,4
2009-01-31,24.405952380952385,5
2009-02-01,25.147142857142857,6
2009-02-02,24.32702702702702,7
2009-02-03,24.1875,8
2009-02-04,25.079999999999995,9
2009-02-05,25.432500000000005,10
2009-02-06,25.966304348043483,11
2009-02-07,24.532894736842103,12
2009-02-08,20.72222222222222,0
2009-02-09,18.5525,0
2009-02-10,19.207500000000003,1
2009-02-11,19.001219512195124,2
2009-02-12,18.18103448275862,0
2009-02-13,18.600000000000005,1
2009-02-14,20.074324324324323,2
2009-02-15,20.98125,3
2009-02-16,20.89324324324325,4
2009-02-17,22.030769230769227,5
2009-02-18,23.14883720930232,6
2009-02-19,23.03783783783784,7
2009-02-20,22.217741935483872,8
2009-02-21,22.36625,9
2009-02-22,22.97261904761904,10
2009-02-23,24.149999999999995,11
2009-02-24,23.0375,12
2009-02-25,21.66911764705882,13
2009-02-26,20.3575,14
2009-02-27,21.72058823529412,15
2009-02-28,23.120833333333344,16
2009-03-01,23.33181818181818,17
2009-03-02,24.017142857142865,18
2009-03-03,22.9359375,19
2009-03-04,20.18777777777778,20
2009-03-05,19.04230769230769,21
2009-03-06,22.322972972972973,22
2009-03-07,21.357142857142858,23
2009-03-08,20.865384615384617,24
2009-03-09,22.44482758620689,25
2009-03-10,21.617241379310343,26
2009-03-11,21.95,27
2009-03-12,22.29722222222223,28
2009-03-13,22.832894736842103,29
2009-03-14,22.450000000000006,30
2009-03-15,20.615957446808515,31
2009-03-16,20.270000000000003,32
2009-03-17,20.896249999999995,33
2009-03-18,22.22875,34
2009-03-19,22.98783783783784,35
2009-03-20,22.335714285714285,36
2009-03-21,21.66375,37
2009-03-22,22.82714285714286,38
2009-03-23,23.025609756097563,39
2009-03-24,23.057142857142857,40
2009-03-25,23.3140625,41
2009-03-26,21.140384615384612,42
2009-03-27,20.27142857142857,43
2009-03-28,20.17,44
2009-03-29,22.23157894736842,45
2009-03-30,20.52916666666667,46
2009-03-31,21.60833333333333,47
2009-04-01,22.15263157894737,48
2009-04-02,22.47162162162162,49
2009-04-03,19.71041666666667,50
2009-04-04,19.423076923076927,51
2009-04-05,18.834375,52
2009-04-06,18.08030303030303,0
2009-04-07,17.714772727272724,0
2009-04-08,19.035365853658536,1
2009-04-09,18.768750000000004,2
2009-04-10,20.706249999999997,3
2009-04-11,21.745454545454542,4
2009-04-12,20.646774193548385,5
2009-04-13,20.830769231025645,6
2009-04-14,22.71190476190477,7
2009-04-15,19.29523809523809,8
2009-04-16,18.61,9
2009-04-17,18.06428571428572,10
2009-04-18,18.272222222222226,11
2009-04-19,18.701612903225804,12
2009-04-20,18.29558823529411,13
2009-04-21,18.647142857142853,14
2009-04-22,17.462162162162162,0
2009-04-23,18.63604651162791,1
2009-04-24,19.63875,2
2009-04-25,17.493243243243242,3
2009-04-26,14.7375,0
2009-04-27,16.051136363636363,1
2009-04-28,13.44722222222222,0
2009-04-29,13.31794871794872,0
2009-04-30,16.234883720930235,1
2009-05-01,15.98536585365854,2
2009-05-02,15.584090909090902,3
2009-05-03,17.284146341463416,4
2009-05-04,17.035365853658536,5
2009-05-05,17.349999999999998,6
2009-05-06,16.784090909090907,7
2009-05-07,15.94,8
2009-05-08,15.646428571428569,9
2009-05-09,15.968749999999991,10
2009-05-10,14.735526315789471,11
2009-05-11,14.18780487807317,12
2009-05-12,15.29285714285714,13
2009-05-13,15.645454545454545,14
2009-05-14,16.50833333333333,15
2009-05-15,18.20769230743589,16
2009-05-16,15.227906976744183,17
2009-05-17,15.53783783783784,18
2009-05-18,16.72954545454546,19
2009-05-19,17.789393939393943,20
2009-05-20,18.151724137931037,21
2009-05-21,18.13870967741936,22
2009-05-22,19.058333333333334,23
2009-05-23,19.4896551724138,24
2009-05-24,16.823749999999997,25
2009-05-25,16.985714285714288,26
2009-05-26,15.551515151515147,27
2009-05-27,15.134210526315789,28
2009-05-28,13.563636363636364,29
2009-05-29,12.6734375,0
2009-05-30,16.02794117647059,1
2009-05-31,15.017647058823531,2
2009-06-01,15.25,3
2009-06-02,16.4265625,4
2009-06-03,15.061111111111115,5
2009-06-04,15.43088235294118,6
2009-06-05,13.4489130435,7
2009-06-06,14.035000000000002,8
2009-06-07,14.498684210526315,9
2009-06-08,12.612500000000004,0
2009-06-09,10.748749999999998,0
2009-06-10,10.152127659595743,0
2009-06-11,10.64555555551111,1
2009-06-12,11.897368420973688,2
2009-06-13,12.635897435897435,3
2009-06-14,12.543181818204546,4
2009-06-15,12.49642857145238,5
2009-06-16,12.50735294117647,6
2009-06-17,12.298717948717949,7
2009-06-18,13.201428571714288,8
2009-06-19,13.659722221944444,9
2009-06-20,16.075000000000003,10
2009-06-21,16.144444444444442,11
2009-06-22,14.161111111111108,12
2009-06-23,13.23255813953488,13
2009-06-24,12.632051282076922,14
2009-06-25,13.12857142859524,15
2009-06-26,12.45795454543182,16
2009-06-27,14.164705882352942,17
2009-06-28,14.603488372093024,18
2009-06-29,16.45,19
2009-06-30,17.34342105263158,20
2009-07-01,14.393902439024387,21
2009-07-02,13.01666666666667,22
2009-07-03,12.155813953465117,23
2009-07-04,12.936585365853658,24
2009-07-05,10.226136363659093,25
2009-07-06,10.46777777782222,26
2009-07-07,12.137500000024996,27
2009-07-08,12.201219512170727,28
2009-07-09,12.871590909068184,29
2009-07-10,12.124999999999998,30
2009-07-11,13.77941176470588,31
2009-07-12,14.641428571428571,32
2009-07-13,12.880263157894737,33
2009-07-14,11.249999999931816,34
2009-07-15,11.283333333404762,35
2009-07-16,12.39864864862162,36
2009-07-17,12.34555555551111,37
2009-07-18,12.61627906972093,38
2009-07-19,14.23409090906818,39
2009-07-20,15.517441860441862,40
2009-07-21,19.18513513513513,41
2009-07-22,13.491666666666664,0
2009-07-23,12.198837209255814,0
2009-07-24,12.45921052636842,1
2009-07-25,11.498837209302325,0
2009-07-26,12.608888888844447,1
2009-07-27,12.856521739130432,2
2009-07-28,13.897674418581394,3
2009-07-29,12.739999999977776,4
2009-07-30,14.12738095235714,5
2009-07-31,13.574999999999998,6
2009-08-01,12.752272727318182,7
2009-08-02,14.5857142857619,8
2009-08-03,13.623863636363636,9
2009-08-04,13.01888888891112,10
2009-08-05,13.516666666622225,11
2009-08-06,15.828571428571427,12
2009-08-07,11.669767441813953,13
2009-08-08,11.27021276597872,0
2009-08-09,11.63157894736842,1
2009-08-10,13.167073170731705,2
2009-08-11,14.013414634195122,3
2009-08-12,14.772093023279073,4
2009-08-13,14.99659090909091,5
2009-08-14,14.965909090909088,6
2009-08-15,17.42111111088889,7
2009-08-16,18.480232558139537,8
2009-08-17,13.425581395372092,0
2009-08-18,12.843023255813955,0
2009-08-19,15.06184210526316,1
2009-08-20,18.252325581162797,2
2009-08-21,16.328125,3
2009-08-22,18.4719512195122,4
2009-08-23,20.556578947368426,5
2009-08-24,16.869117647058825,6
2009-08-25,16.51794871794872,7
2009-08-26,16.132558139534886,8
2009-08-27,18.11413043478261,9
2009-08-28,19.804545454772725,10
2009-08-29,16.318604651162794,11
2009-08-30,15.137500000022728,12
2009-08-31,15.584146341463413,13
2009-09-01,14.43815789473684,14
2009-09-02,15.757575757575758,15
2009-09-03,19.365384615384617,16
2009-09-04,17.131111111111107,17
2009-09-05,14.427142857142856,18
2009-09-06,15.607575757575756,19
2009-09-07,15.438461538461535,20
2009-09-08,15.16547619047619,21
2009-09-09,15.08372093023256,22
2009-09-10,15.097872340468085,23
2009-09-11,19.474418604651166,24
2009-09-12,23.99222222200001,25
2009-09-13,18.95428571428572,0
2009-09-14,17.798780487804873,0
2009-09-15,17.5,0
2009-09-16,23.83369565195652,1
2009-09-17,19.816279069767447,2
2009-09-18,16.87093023255814,0
2009-09-19,19.16136363636364,1
2009-09-20,17.810810810810814,2
2009-09-21,23.552439024146345,3
2009-09-22,19.198648648648653,4
2009-09-23,18.97567567567568,5
2009-09-24,19.389772727272724,6
2009-09-25,17.86341463414634,7
2009-09-26,13.769736842105264,0
2009-09-27,15.365555555555549,1
2009-09-28,16.118888888888893,2
2009-09-29,17.77282608717391,3
2009-09-30,23.735555555555557,4
2009-10-01,18.342857142857145,0
2009-10-02,15.166129032258064,0
2009-10-03,14.934722222222224,0
2009-10-04,15.30166666666667,1
2009-10-05,14.759756097560976,0
2009-10-06,13.91341463414634,0
2009-10-07,13.577777777777776,0
2009-10-08,12.788749999999997,0
2009-10-09,13.3500000001,1
2009-10-10,15.112222222222211,2
2009-10-11,17.566666666944446,3
2009-10-12,20.49634146341464,4
2009-10-13,17.893243242972975,5
2009-10-14,18.001190476190477,6
2009-10-15,16.391463414634146,7
2009-10-16,16.495,8
2009-10-17,16.192307692307693,9
2009-10-18,17.25119047619048,10
2009-10-19,19.21666666666666,11
2009-10-20,22.99404761928572,12
2009-10-21,18.90185185185185,13
2009-10-22,20.26216216216216,14
2009-10-23,19.3609756097561,15
2009-10-24,17.645945945945947,16
2009-10-25,15.73461538461538,17
2009-10-26,17.110344827586207,18
2009-10-27,18.53461538461539,19
2009-10-28,19.16,20
2009-10-29,20.42083333333333,21
2009-10-30,20.439393939393938,22
2009-10-31,21.007692307692317,23
2009-11-01,21.632926829268293,24
2009-11-02,26.950000000000006,25
2009-11-03,19.20178571428571,0
2009-11-04,18.18,0
2009-11-05,19.3,1
2009-11-06,20.09102564102564,2
2009-11-07,20.11730769230769,3
2009-11-08,20.871052631578948,4
2009-11-09,20.425,5
2009-11-10,20.245454545454542,6
2009-11-11,21.59358974358975,7
2009-11-12,20.23333333333333,8
2009-11-13,19.935526315789478,9
2009-11-14,21.67875,10
2009-11-15,23.14787234042553,11
2009-11-16,20.822413793103443,12
2009-11-17,20.95,13
2009-11-18,22.86785714285715,14
2009-11-19,27.56624999975,15
2009-11-20,26.146153846153844,16
2009-11-21,30.132222222,17
2009-11-22,20.392647058823528,0
2009-11-23,19.70689655172414,0
2009-11-24,21.946052631578947,1
2009-11-25,23.258823529411767,2
2009-11-26,25.882894736842104,3
2009-11-27,25.707352941176467,4
2009-11-28,24.776190475952383,5
2009-11-29,18.923809523809524,0
2009-11-30,17.270833333333336,0
2009-12-01,18.436486486486487,1
2009-12-02,19.48170731707317,2
2009-12-03,20.66875,3
2009-12-04,21.00172413793103,4
2009-12-05,21.96351351351352,5
2009-12-06,24.72567567567568,6
2009-12-07,22.755000000000003,7
2009-12-08,20.982894736842105,8
2009-12-09,24.46025641025641,9
2009-12-10,23.40135135135135,10
2009-12-11,21.912790697674424,11
2009-12-12,23.190697674418605,12
2009-12-13,20.808000000000003,13
2009-12-14,22.000000000000004,14
2009-12-15,23.81029411764706,15
2009-12-16,26.776136363636365,16
2009-12-17,20.03108108108108,0
2009-12-18,22.174999999772727,1
2009-12-19,20.959375,2
2009-12-20,22.278378378378378,3
2009-12-21,24.441463414634143,4
2009-12-22,24.47125,5
2009-12-23,25.880487804878047,6
2009-12-24,21.83250000025,7
2009-12-25,18.1,0
2009-12-26,20.75735294117647,1
2009-12-27,21.353448275862064,2
2009-12-28,22.49230769230769,3
2009-12-29,22.457142857142856,4
2009-12-30,22.37962962962963,5
2009-12-31,25.550000000000004,6
2010-01-01,25.01805555583333,7
2010-01-02,19.959259259259262,0
2010-01-03,21.08,1
2010-01-04,22.710256410256413,2
2010-01-05,23.687500000000004,3
2010-01-06,22.27435897435897,4
2010-01-07,23.28750000000001,5
2010-01-08,26.460810810810813,6
2010-01-09,26.210294117647063,7
2010-01-10,23.608823529411765,8
2010-01-11,26.025641025641026,9
2010-01-12,24.060975609756092,10
2010-01-13,20.54032258064516,11
2010-01-14,22.19264705882353,12
2010-01-15,23.396969696969705,13
2010-01-16,22.80138888888889,14
2010-01-17,21.04186046511628,15
2010-01-18,20.35116279069767,16
2010-01-19,22.994186046511636,17
2010-01-20,23.941666666666663,18
2010-01-21,27.23888888888889,19
2010-01-22,29.6612500005,20
2010-01-23,20.63125,0
2010-01-24,23.481081081081086,1
2010-01-25,25.66111111111111,2
2010-01-26,24.310810810810818,3
2010-01-27,23.721052631578956,4
2010-01-28,24.47820512794872,5
2010-01-29,23.33815789473684,6
2010-01-30,24.779411764705884,7
2010-01-31,24.795,8
2010-02-01,24.25405405405406,9
2010-02-02,24.40138888888889,10
2010-02-03,24.534210526315785,11
2010-02-04,24.462903225806453,12
2010-02-05,21.67727272727273,13
2010-02-06,22.51666666666667,14
2010-02-07,24.36052631578947,15
2010-02-08,25.12619047619048,16
2010-02-09,24.853947368421057,17
2010-02-10,24.829166666666666,18
2010-02-11,28.03333333333333,19
2010-02-12,23.55625,20
2010-02-13,23.46363636363636,21
2010-02-14,24.66309523809524,22
2010-02-15,23.155405405405403,23
2010-02-16,21.98977272727273,24
2010-02-17,22.1948717948718,25
2010-02-18,22.74305555555556,26
2010-02-19,23.497674418604664,27
2010-02-20,25.76463414634147,28
2010-02-21,28.623076923076923,29
2010-02-22,24.852702702702707,30
2010-02-23,22.305999999999997,31
2010-02-24,22.161666666666672,32
2010-02-25,21.753571428571437,33
2010-02-26,23.12,34
2010-02-27,23.07236842105263,35
2010-02-28,18.977586206896557,0
2010-03-01,19.985526315789475,1
2010-03-02,21.03333333333333,2
2010-03-03,21.480000000000004,3
2010-03-04,22.96,4
2010-03-05,23.73,5
2010-03-06,24.3390625,6
2010-03-07,25.444444444444446,7
2010-03-08,24.74761904761905,8
2010-03-09,20.15,9
2010-03-10,20.805714285714284,10
2010-03-11,21.025675675675675,11
2010-03-12,20.13205128205129,12
2010-03-13,20.480681818181814,13
2010-03-14,21.488461538461543,14
2010-03-15,21.23048780487805,15
2010-03-16,20.96250000000001,16
2010-03-17,21.69555555555555,17
2010-03-18,22.81395348837209,18
2010-03-19,24.22023809523809,19
2010-03-20,25.690476190476183,20
2010-03-21,22.556451612903228,21
2010-03-22,22.998170731707315,22
2010-03-23,21.924358974358977,23
2010-03-24,22.63225806451613,24
2010-03-25,24.84642857142857,25
2010-03-26,24.110606060606063,26
2010-03-27,23.548684210526314,27
2010-03-28,24.165714285714287,28
2010-03-29,20.57,29
2010-03-30,20.031081081081076,30
2010-03-31,20.2625,31
2010-04-01,20.470512820512823,32
2010-04-02,18.998684210526317,33
2010-04-03,18.057317073170733,0
2010-04-04,18.221428571428568,1
2010-04-05,19.830882352941178,2
2010-04-06,21.31891891891892,3
2010-04-07,22.58125,4
2010-04-08,20.356410256410253,5
2010-04-09,21.54444444444444,6
2010-04-10,23.18243243243244,7
2010-04-11,18.677906976744183,8
2010-04-12,17.369318181818176,0
2010-04-13,18.2125,1
2010-04-14,19.39787234042553,2
2010-04-15,19.175609756097565,3
2010-04-16,19.70833333333333,4
2010-04-17,20.934782608695656,5
2010-04-18,20.87325581395349,6
2010-04-19,20.7575,7
2010-04-20,20.50609756097561,8
2010-04-21,20.77380952380953,9
2010-04-22,22.529761905000004,10
2010-04-23,23.77794117647059,11
2010-04-24,18.56071428571429,0
2010-04-25,16.517045454545457,0
2010-04-26,16.035869565217393,0
2010-04-27,17.780232558139534,1
2010-04-28,18.507954545454545,2
2010-04-29,16.5027027027027,3
2010-04-30,17.508974358974363,4
2010-05-01,18.7953488372093,5
2010-05-02,19.034615384615385,6
2010-05-03,20.476315789473684,7
2010-05-04,16.871111111111116,8
2010-05-05,15.520652173913044,0
2010-05-06,15.926829268292686,1
2010-05-07,16.80217391304347,2
2010-05-08,17.846666666666668,3
2010-05-09,17.917777777777776,4
2010-05-10,18.897826086956524,5
2010-05-11,14.2875,0
2010-05-12,14.147674418604652,0
2010-05-13,14.945348836744186,1
2010-05-14,15.264999999999995,2
2010-05-15,15.548837209302324,3
2010-05-16,14.866176470588234,4
2010-05-17,13.738709677419354,0
2010-05-18,14.876190476190477,1
2010-05-19,14.996666666666668,2
2010-05-20,14.93068181818182,3
2010-05-21,14.111842105263158,4
2010-05-22,11.86527777777778,0
2010-05-23,14.392499999999998,1
2010-05-24,15.446774193548386,2
2010-05-25,15.1140625,3
2010-05-26,16.069230769230774,4
2010-05-27,15.829487179487186,5
2010-05-28,15.658571428571424,6
2010-05-29,15.18421052631579,7
2010-05-30,15.802631578947372,8
2010-05-31,14.8825,9
2010-06-01,14.867567567567567,10
2010-06-02,16.402631578947375,11
2010-06-03,16.57941176470588,12
2010-06-04,15.54512195121951,13
2010-06-05,12.73194444447222,14
2010-06-06,12.191666666638888,15
2010-06-07,13.111904761904762,16
2010-06-08,12.283333333333337,17
2010-06-09,12.42571428574286,18
2010-06-10,11.143478260913044,0
2010-06-11,12.172368421078946,1
2010-06-12,11.241463414682924,2
2010-06-13,11.279545454522726,3
2010-06-14,12.72978723402128,4
2010-06-15,13.723170731731706,5
2010-06-16,15.10285714285714,6
2010-06-17,13.18690476190476,7
2010-06-18,13.530952380976188,8
2010-06-19,13.670238095238094,9
2010-06-20,13.126923076923076,10
2010-06-21,14.539189189189193,11
2010-06-22,13.953703703703704,12
2010-06-23,14.321212121212122,13
2010-06-24,15.8375,14
2010-06-25,15.03414634148781,15
2010-06-26,10.307608695695652,0
2010-06-27,9.48695652171739,0
2010-06-28,9.025581395186045,0
2010-06-29,9.290697674465113,1
2010-06-30,10.625000000041664,2
2010-07-01,10.04558823532353,3
2010-07-02,11.241463414585366,4
2010-07-03,12.219148936212765,5
2010-07-04,11.039024390243902,6
2010-07-05,12.423529411764706,7
2010-07-06,12.30156250003125,8
2010-07-07,11.269736842078949,9
2010-07-08,12.018571428542856,10
2010-07-09,12.703409090931816,11
2010-07-10,15.87121212121212,12
2010-07-11,12.96341463414634,13
2010-07-12,15.156896551724136,14
2010-07-13,15.67619047619048,15
2010-07-14,13.147435897435898,16
2010-07-15,11.28913043473913,17
2010-07-16,12.092500000000005,18
2010-07-17,12.792857143047618,19
2010-07-18,11.931395348837212,20
2010-07-19,11.427380952333332,21
2010-07-20,10.99642857145238,22
2010-07-21,10.1825,23
2010-07-22,12.745121951219511,24
2010-07-23,13.24358974358974,25
2010-07-24,12.964473684210526,26
2010-07-25,12.35681818179545,27
2010-07-26,13.096511627906976,28
2010-07-27,13.585714285714284,29
2010-07-28,13.913750000000002,30
2010-07-29,15.87625,31
2010-07-30,16.012195121951223,32
2010-07-31,14.05465116255814,33
2010-08-01,11.652439024365854,34
2010-08-02,13.888749999999998,35
2010-08-03,12.694318181818184,36
2010-08-04,11.726136363590909,37
2010-08-05,11.733333333311112,38
2010-08-06,10.71923076928205,39
2010-08-07,11.389361702127658,40
2010-08-08,12.023913043413042,41
2010-08-09,13.484848484848484,42
2010-08-10,14.31756756756757,43
2010-08-11,13.809722222222222,44
2010-08-12,13.675,45
2010-08-13,14.466666666644445,46
2010-08-14,16.098571428285716,47
2010-08-15,14.899999999999997,48
2010-08-16,12.278048780487804,49
2010-08-17,12.498611110777777,50
2010-08-18,19.236585365853657,51
2010-08-19,14.667441860465114,52
2010-08-20,12.540697674418604,53
2010-08-21,12.834146341487802,54
2010-08-22,12.959677419354838,55
2010-08-23,14.939743589743587,56
2010-08-24,13.972500000000002,57
2010-08-25,13.313513513513511,58
2010-08-26,14.589999999999998,59
2010-08-27,12.827173913065216,60
2010-08-28,12.804761904738095,61
2010-08-29,14.17777777777778,62
2010-08-30,15.702631578947368,63
2010-08-31,19.491463414634147,64
2010-09-01,16.642857142857142,65
2010-09-02,15.570370370370371,66
2010-09-03,17.966216216216214,67
2010-09-04,18.14047619047619,68
2010-09-05,15.247872340425536,69
2010-09-06,13.457692307692303,70
2010-09-07,13.083333333355558,71
2010-09-08,13.728048780463418,72
2010-09-09,15.76382978680851,73
2010-09-10,15.150000000000004,74
2010-09-11,14.244186046511626,75
2010-09-12,17.910869565217393,76
2010-09-13,15.742187500000002,77
2010-09-14,16.1,78
2010-09-15,15.29166666666666,79
2010-09-16,13.875581395372093,80
2010-09-17,15.248863636363636,81
2010-09-18,14.84512195121951,82
2010-09-19,15.530681818181815,83
2010-09-20,16.643902439268288,84
2010-09-21,16.148684210526316,85
2010-09-22,16.553448275862067,86
2010-09-23,17.88714285714286,87
2010-09-24,18.656818181818178,88
2010-09-25,17.855813953488372,89
2010-09-26,20.296590909318176,90
2010-09-27,20.457954545454548,91
2010-09-28,13.906060606060606,0
2010-09-29,13.300000000076924,0
2010-09-30,13.459677419354836,1
2010-10-01,16.65806451612903,2
2010-10-02,17.07571428571428,3
2010-10-03,18.044117647058822,4
2010-10-04,19.120588235294115,5
2010-10-05,19.435897435897434,6
2010-10-06,17.91142857142857,7
2010-10-07,16.710000000000004,8
2010-10-08,17.225862068965515,9
2010-10-09,17.874285714285715,10
2010-10-10,18.894736842105264,11
2010-10-11,18.7375,12
2010-10-12,19.7027027027027,13
2010-10-13,22.56463414634146,14
2010-10-14,21.022368421052622,15
2010-10-15,14.038157894736838,0
2010-10-16,16.04456521739131,1
2010-10-17,17.70813953488372,2
2010-10-18,15.9,3
2010-10-19,16.932954545454546,4
2010-10-20,17.72738095238096,5
2010-10-21,19.528205128205126,6
2010-10-22,20.085714285714285,7
2010-10-23,15.24464285714286,8
2010-10-24,16.460526315789476,9
2010-10-25,19.270731707317072,10
2010-10-26,18.35833333333333,11
2010-10-27,18.35625,12
2010-10-28,17.74871794871795,13
2010-10-29,20.84761904761905,14
2010-10-30,21.33142857142857,15
2010-10-31,17.95735294117647,16
2010-11-01,15.134210526315789,17
2010-11-02,17.14891304347826,18
2010-11-03,15.93513513513514,19
2010-11-04,15.772368421052631,20
2010-11-05,15.618571428571428,21
2010-11-06,17.417105263157897,22
2010-11-07,21.36125,23
2010-11-08,20.173076923076923,24
2010-11-09,21.054054054054053,25
2010-11-10,23.419767441860465,26
2010-11-11,22.508333333333333,27
2010-11-12,24.516666666666666,28
2010-11-13,24.77619047619048,29
2010-11-14,21.577419354838717,30
2010-11-15,19.926315789473684,31
2010-11-16,18.981081081081083,32
2010-11-17,20.434210526315788,33
2010-11-18,18.016666666666666,34
2010-11-19,18.426136363636367,35
2010-11-20,19.38658536585365,36
2010-11-21,20.48404255319149,37
2010-11-22,21.37073170731707,38
2010-11-23,21.298837209302327,39
2010-11-24,21.92261904761905,40
2010-11-25,21.08815789473684,41
2010-11-26,21.88170731707317,42
2010-11-27,20.892424242424244,43
2010-11-28,18.477272727272723,44
2010-11-29,19.082352941176477,45
2010-11-30,19.165517241379312,46
2010-12-01,20.916250000000005,47
2010-12-02,21.908108108108102,48
2010-12-03,20.90535714285713,49
2010-12-04,22.02972972972973,50
2010-12-05,22.98513513513513,51
2010-12-06,23.226562500000004,52
2010-12-07,23.437804878048777,53
2010-12-08,25.290540540540544,54
2010-12-09,23.97058823529412,55
2010-12-10,21.04888888888889,56
2010-12-11,23.62555555555556,57
2010-12-12,21.75,58
2010-12-13,22.81617647058824,59
2010-12-14,23.089024390243907,60
2010-12-15,21.799999999743594,61
2010-12-16,21.915151515151518,62
2010-12-17,21.84558823558824,63
2010-12-18,20.99743589769231,64
2010-12-19,17.67820512820513,65
2010-12-20,21.125000000000007,66
2010-12-21,21.684615384615388,67
2010-12-22,22.296250000000004,68
2010-12-23,20.767567567567568,69
2010-12-24,21.506756756756754,70
2010-12-25,23.231818181590903,71
2010-12-26,17.732258064516127,0
2010-12-27,18.62258064516129,1
2010-12-28,21.562500000000004,2
2010-12-29,23.414102564102567,3
